ticket_id,customer_id,created_date,channel,issue_type,resolution_status,satisfaction_score
TK00001,C00737,2025-05-05,Facebook,Giao hàng chậm,Closed - No Action,2.0
TK00002,C00702,2025-03-28,Tại cửa hàng,Khiếu nại chất lượng,Pending,
TK00003,C00701,2025-01-08,Zalo,Đổi trả,Resolved,3.0
TK00004,C00765,2025-05-16,Email,Thanh toán lỗi,Resolved,5.0
TK00005,C00077,2024-10-27,Zalo,Sai sản phẩm,Resolved,3.0
TK00006,C00192,2025-09-05,Hotline,Khác,Escalated,1.0
TK00007,C00758,2025-03-31,Tại cửa hàng,Khác,Escalated,1.0
TK00008,C00489,2025-08-02,Hotline,Sai sản phẩm,Escalated,
TK00009,C00418,2024-12-05,Email,Khác,Closed - No Action,2.0
TK00010,C00112,2024-11-14,Email,Khiếu nại chất lượng,Closed - No Action,99.0
TK00011,C00063,2025-01-06,Email,Sai sản phẩm,Resolved,4.0
TK00012,C00493,2024-09-21,Hotline,Đổi trả,Resolved,4.0
TK00013,C00424,2024-10-26,Hotline,Đổi trả,Resolved,4.0
TK00014,C00289,2025-06-20,Facebook,Đổi trả,Pending,
TK00015,C00670,2024-12-03,###,Khiếu nại chất lượng,Closed - No Action,
TK00016,C00712,2025-11-28,###,Khác,Resolved,
TK00017,C00325,2023-11-26,Email,Khác,Resolved,5.0
TK00018,C00579,2024-12-31,Chat,Khiếu nại chất lượng,Pending,
TK00019,C00318,2025-01-07,Facebook,Hỏi thông tin,Resolved,
TK00020,C00651,2025-11-18,Facebook,Đổi trả,Resolved,1.0
TK00021,C00404,2025-05-27,Chat,Giao hàng chậm,Pending,
TK00022,C00362,2024-02-26,,Sai sản phẩm,Escalated,2.0
TK00023,C00009,2025-06-22,Facebook,Đổi trả,Escalated,4.0
TK00024,C00364,2024-10-06,Hotline,Bảo hành,Resolved,4.0
TK00025,C00429,2025-02-28,,Bảo hành,Escalated,2.0
TK00026,C00185,2025-02-04,Tại cửa hàng,Đổi trả,Resolved,3.0
TK00027,C00797,2025-09-29,Facebook,Hỏi thông tin,Pending,
TK00028,C00544,2024-08-30,Tại cửa hàng,Bảo hành,Closed - No Action,1.0
TK00029,C00230,2025-04-16,Zalo,Hỏi thông tin,Pending,
TK00030,C00192,2025-08-01,Tại cửa hàng,Sai sản phẩm,Resolved,5.0
TK00031,C00137,2025-04-05,Email,,Closed - No Action,
TK00032,C00727,2024-08-27,Facebook,Thanh toán lỗi,Resolved,2.0
TK00033,C00163,2025-02-06,Facebook,Khiếu nại chất lượng,Closed - No Action,3.0
TK00034,C00073,2024-04-04,Facebook,Hỏi thông tin,Resolved,0.0
TK00035,C00058,2024-10-15,Tại cửa hàng,Đổi trả,Escalated,1.0
TK00036,C00373,2025-10-14,Email,Khiếu nại chất lượng,Resolved,4.0
TK00037,C00153,2024-09-16,Tại cửa hàng,Khiếu nại chất lượng,Pending,
TK00038,C00060,2024-12-14,Facebook,Hỏi thông tin,Pending,
TK00039,C00557,2025-09-20,Hotline,Sai sản phẩm,Escalated,2.0
TK00040,C00226,2025-05-20,Tại cửa hàng,Khác,Resolved,5.0
TK00041,C00508,2026-02-28,Hotline,Khiếu nại chất lượng,Closed - No Action,1.0
TK00042,C00293,2025-10-30,Zalo,Giao hàng chậm,Escalated,1.0
TK00043,C00532,2025-05-16,Tại cửa hàng,Khiếu nại chất lượng,Resolved,4.0
TK00044,C00317,2025-07-08,Tại cửa hàng,Hỏi thông tin,Resolved,5.0
TK00045,C00345,2025-07-16,Chat,Hỏi thông tin,Pending,
TK00046,C00501,2025-11-20,Chat,Khiếu nại chất lượng,Resolved,5.0
TK00047,C00132,2024-09-06,Tại cửa hàng,Sai sản phẩm,Pending,
TK00048,C00306,2024-05-29,Chat,Sai sản phẩm,Pending,
TK00049,C00519,2025-01-20,Facebook,Sai sản phẩm,Resolved,3.0
TK00050,C00092,2023-08-17,Chat,Hỏi thông tin,Resolved,1.0
TK00051,C00229,2025-01-10,Tại cửa hàng,Bảo hành,Resolved,4.0
TK00052,C00651,2025-11-19,Chat,Hỏi thông tin,Closed - No Action,
TK00053,C00470,2024-12-22,Tại cửa hàng,Khiếu nại chất lượng,Resolved,3.0
TK00054,C00524,2025-07-04,Facebook,Khiếu nại chất lượng,Resolved,4.0
TK00055,C00382,2025-09-01,Tại cửa hàng,Sai sản phẩm,Closed - No Action,1.0
TK00056,C00320,2025-05-13,Email,Khiếu nại chất lượng,Resolved,4.0
TK00057,C00545,2023-11-13,Hotline,Hỏi thông tin,Pending,
TK00058,C00642,2025-08-29,Email,Khiếu nại chất lượng,Pending,
TK00059,C00336,2023-11-27,Facebook,,Pending,
TK00060,C00322,2024-06-12,Chat,Bảo hành,Resolved,3.0
TK00061,C00091,2025-05-23,Email,Đổi trả,Pending,
TK00062,C00611,2024-05-22,Email,Sai sản phẩm,Resolved,4.0
TK00063,C00537,2025-11-29,Tại cửa hàng,Khác,Resolved,4.0
TK00064,C00461,2025-10-26,Chat,Đổi trả,Resolved,5.0
TK00065,C00361,2025-03-21,Tại cửa hàng,,Closed - No Action,2.0
TK00066,C00190,2024-07-10,Email,Thanh toán lỗi,Pending,
TK00067,C00643,2023-11-24,Zalo,Thanh toán lỗi,Closed - No Action,
TK00068,C00402,2024-02-19,Tại cửa hàng,Hỏi thông tin,Resolved,4.0
TK00069,C00167,2024-10-10,Chat,Thanh toán lỗi,Closed - No Action,3.0
TK00070,C00239,2023-09-29,Hotline,Giao hàng chậm,Escalated,3.0
TK00071,C00037,2024-11-14,Pigeon,Khiếu nại chất lượng,Escalated,2.0
TK00072,C00470,2024-12-30,Chat,Bảo hành,Resolved,4.0
TK00073,C00737,2025-06-07,Tại cửa hàng,Giao hàng chậm,Resolved,2.0
TK00074,C00326,2024-05-26,Email,Bảo hành,Resolved,3.0
TK00075,C00516,2025-06-14,Zalo,Thanh toán lỗi,Closed - No Action,
TK00076,C00394,2025-03-10,Hotline,Sai sản phẩm,Resolved,4.0
TK00077,C00218,2024-07-24,Hotline,Khiếu nại chất lượng,Resolved,5.0
TK00078,C00775,2025-06-02,Hotline,Sai sản phẩm,Escalated,3.0
TK00079,C00191,2025-09-18,###,Giao hàng chậm,Resolved,4.0
TK00080,C00221,2024-12-19,Hotline,Thanh toán lỗi,Resolved,5.0
TK00081,C00319,2024-04-23,Facebook,Khiếu nại chất lượng,Resolved,4.0
TK00082,C00702,2025-04-07,Hotline,Khiếu nại chất lượng,Closed - No Action,2.0
TK00083,C00467,2024-10-26,Facebook,Khác,Pending,
TK00084,C00271,2025-02-15,Hotline,Đổi trả,Pending,
TK00085,C00116,2024-07-09,Email,,Resolved,5.0
TK00086,C00155,2024-10-09,Zalo,Giao hàng chậm,Resolved,3.0
TK00087,C00260,2024-01-31,Chat,Thanh toán lỗi,Resolved,4.0
TK00088,C00210,2024-04-09,Email,Giao hàng chậm,Resolved,2.0
TK00089,C00394,2025-02-26,Hotline,Thanh toán lỗi,Resolved,4.0
TK00090,C00505,2025-03-12,Email,Khác,Closed - No Action,
TK00091,C00215,2025-08-01,Chat,Đổi trả,Resolved,2.0
TK00092,C00135,2025-04-13,Chat,Khiếu nại chất lượng,Closed - No Action,2.0
TK00093,C00501,2025-10-15,Tại cửa hàng,Khiếu nại chất lượng,Escalated,0.0
TK00094,C00687,2025-05-20,Hotline,Hỏi thông tin,Closed - No Action,1.0
TK00095,C00499,2026-02-14,Hotline,Sai sản phẩm,Resolved,4.0
TK00096,C00735,2024-12-20,Facebook,Sai sản phẩm,Resolved,3.0
TK00097,C00575,2025-08-13,Zalo,Khác,Escalated,1.0
TK00098,C00040,2024-07-19,Chat,Giao hàng chậm,Pending,
TK00099,C00696,2025-04-11,Chat,Bảo hành,Resolved,4.0
TK00100,C00507,2025-01-27,Chat,Đổi trả,Pending,
TK00101,C00369,2024-11-21,Email,,Resolved,5.0
TK00102,C00190,2024-07-25,Tại cửa hàng,Bảo hành,Resolved,4.0
TK00103,C00580,2024-12-12,Tại cửa hàng,Sai sản phẩm,Resolved,3.0
TK00104,C00763,2023-11-05,Facebook,Giao hàng chậm,Resolved,4.0
TK00105,C00108,2025-08-17,Facebook,Khiếu nại chất lượng,Closed - No Action,1.0
TK00106,C00294,2024-01-10,Facebook,Sai sản phẩm,Pending,
TK00107,C00345,2025-07-15,Zalo,Khiếu nại chất lượng,Resolved,5.0
TK00108,C00023,2024-03-05,Email,Bảo hành,Resolved,
TK00109,C00775,2025-06-24,Email,Đổi trả,Pending,
TK00110,C00578,2025-10-07,Facebook,Đổi trả,Pending,
TK00111,C00319,2024-04-02,Email,Khiếu nại chất lượng,Closed - No Action,2.0
TK00112,C00543,2025-12-29,Chat,Giao hàng chậm,Resolved,5.0
TK00113,C00504,2025-07-17,Hotline,Hỏi thông tin,Resolved,1.0
TK00114,C00290,2024-11-04,Chat,,Pending,
TK00115,C00038,2023-07-17,Zalo,Đổi trả,Escalated,1.0
TK00116,C00426,2025-01-08,Chat,Đổi trả,Resolved,4.0
TK00117,C00464,2025-02-16,Email,Khác,Closed - No Action,3.0
TK00118,C00404,2025-05-10,Chat,,Resolved,5.0
TK00119,C00124,2023-11-20,Hotline,Khiếu nại chất lượng,Pending,
TK00120,C00077,2024-10-28,Chat,Đổi trả,Resolved,5.0
TK00121,C00195,2026-01-25,Email,Đổi trả,Closed - No Action,
TK00122,C00032,2025-07-18,Hotline,Bảo hành,Closed - No Action,2.0
TK00123,C00766,2024-11-03,Zalo,Hỏi thông tin,Resolved,5.0
TK00124,C00482,2025-10-01,Hotline,Thanh toán lỗi,Resolved,5.0
TK00125,C00070,2024-04-22,Hotline,Giao hàng chậm,Resolved,4.0
TK00126,C00761,2025-10-03,Facebook,Thanh toán lỗi,Closed - No Action,
TK00127,C00722,2025-12-31,Email,Khác,Resolved,4.0
TK00128,C00405,2024-01-07,Zalo,Khiếu nại chất lượng,Resolved,1.0
TK00129,C00561,2025-06-06,Tại cửa hàng,Giao hàng chậm,Resolved,3.0
TK00130,C00583,2026-02-03,Chat,Bảo hành,Pending,
TK00131,C00578,2025-10-04,Tại cửa hàng,Khiếu nại chất lượng,Closed - No Action,1.0
TK00132,C00475,2024-11-14,Zalo,Hỏi thông tin,Pending,
TK00133,C00183,2024-11-27,Email,,Closed - No Action,2.0
TK00134,C00691,2025-04-18,Chat,Thanh toán lỗi,Resolved,4.0
TK00135,C00301,2023-10-19,,Giao hàng chậm,Escalated,1.0
TK00136,C00018,2025-08-09,Email,Hỏi thông tin,Resolved,4.0
TK00137,C00124,2023-10-26,Hotline,Khiếu nại chất lượng,Escalated,1.0
TK00138,C00345,2025-08-07,Tại cửa hàng,Thanh toán lỗi,Resolved,3.0
TK00139,C00148,2024-01-01,Zalo,Giao hàng chậm,Resolved,4.0
TK00140,C00208,2025-01-30,Chat,Thanh toán lỗi,Resolved,3.0
TK00141,C00438,2024-10-21,Email,Thanh toán lỗi,Escalated,1.0
TK00142,C00790,2025-09-24,Zalo,Thanh toán lỗi,Closed - No Action,
TK00143,C00348,2023-11-13,Facebook,Thanh toán lỗi,Closed - No Action,3.0
TK00144,C00226,2025-05-12,Zalo,Sai sản phẩm,Resolved,3.0
TK00145,C00367,2024-06-10,Chat,Khiếu nại chất lượng,Resolved,5.0
TK00146,C00113,2025-07-29,Chat,Khiếu nại chất lượng,Escalated,2.0
TK00147,C00123,2025-07-13,Facebook,Sai sản phẩm,Pending,
TK00148,C00017,2024-09-03,Pigeon,Bảo hành,Pending,
TK00149,C00080,2024-02-11,Facebook,Giao hàng chậm,Pending,
TK00150,C00049,2024-07-03,Chat,Bảo hành,Escalated,2.0
TK00151,C00099,2024-10-21,Facebook,Sai sản phẩm,Pending,
TK00152,C00753,2025-07-15,Hotline,Giao hàng chậm,Resolved,4.0
TK00153,C00207,2025-02-09,Facebook,Khác,Resolved,3.0
TK00154,C00535,2024-11-26,,Giao hàng chậm,Closed - No Action,
TK00155,C00387,2025-08-21,Facebook,Khác,Resolved,3.0
TK00156,C00297,2025-12-02,Hotline,Giao hàng chậm,Pending,
TK00157,C00717,2025-07-03,Email,Sai sản phẩm,Resolved,2.0
TK00158,C00180,2025-01-24,Zalo,Thanh toán lỗi,Closed - No Action,3.0
TK00159,C00320,2025-05-09,Chat,Sai sản phẩm,Resolved,5.0
TK00160,C00011,2024-08-10,Hotline,,Resolved,
TK00161,C00502,2024-09-06,Facebook,Khiếu nại chất lượng,Resolved,
TK00162,C00571,2025-04-10,Email,,Resolved,2.0
TK00163,C00463,2025-11-24,Tại cửa hàng,Thanh toán lỗi,Closed - No Action,4.0
TK00164,C00044,2024-03-02,Email,Sai sản phẩm,Resolved,4.0
TK00165,C00715,2024-07-18,Zalo,Bảo hành,Resolved,5.0
TK00166,C00599,2024-07-05,Tại cửa hàng,Sai sản phẩm,Pending,
TK00167,C00145,2025-09-12,Chat,Đổi trả,Resolved,4.0
TK00168,C00005,2024-04-27,Email,Giao hàng chậm,Resolved,4.0
TK00169,C00583,2026-02-11,Facebook,Khiếu nại chất lượng,Closed - No Action,2.0
TK00170,C00642,2025-08-03,Fax,Đổi trả,Resolved,4.0
TK00171,C00309,2025-02-03,Tại cửa hàng,Giao hàng chậm,Closed - No Action,4.0
TK00172,C00269,2025-04-10,Facebook,Khiếu nại chất lượng,Resolved,3.0
TK00173,C00414,2026-02-02,Email,Bảo hành,Escalated,3.0
TK00174,C00716,2025-01-18,Chat,Thanh toán lỗi,Resolved,4.0
TK00175,C00239,2023-11-17,Tại cửa hàng,Hỏi thông tin,Escalated,4.0
TK00176,C00372,2025-09-16,Hotline,Đổi trả,Resolved,5.0
TK00177,C00627,2025-06-07,Tại cửa hàng,Giao hàng chậm,Resolved,5.0
TK00178,C00105,2024-09-01,,,Closed - No Action,1.0
TK00179,C00233,2024-10-30,Facebook,Khác,Resolved,3.0
TK00180,C00724,2024-03-30,Chat,Khác,Pending,
TK00181,C00310,2023-11-22,Chat,Khác,Pending,
TK00182,C00328,2024-12-04,Tại cửa hàng,Bảo hành,Pending,
TK00183,C00789,2025-07-16,Email,Bảo hành,Closed - No Action,5.0
TK00184,C00595,2023-10-01,Zalo,Giao hàng chậm,Escalated,2.0
TK00185,C00039,2025-07-14,Tại cửa hàng,Thanh toán lỗi,Escalated,3.0
TK00186,C00360,2025-08-01,Chat,Sai sản phẩm,Resolved,4.0
TK00187,C00030,2024-11-06,Zalo,Khiếu nại chất lượng,Closed - No Action,5.0
TK00188,C00709,2025-08-08,Zalo,,Pending,
TK00189,C00492,2024-12-10,,Khác,Resolved,5.0
TK00190,C00104,2024-01-15,Tại cửa hàng,Khiếu nại chất lượng,Escalated,3.0
TK00191,C00401,2024-11-10,Chat,Sai sản phẩm,Closed - No Action,2.0
TK00192,C00581,2025-12-24,Tại cửa hàng,Khác,Closed - No Action,1.0
TK00193,C00398,2024-10-28,Hotline,Hỏi thông tin,Resolved,
TK00194,C00409,2025-02-09,Tại cửa hàng,Thanh toán lỗi,Resolved,2.0
TK00195,C00055,2023-07-23,Email,Hỏi thông tin,Closed - No Action,1.0
TK00196,C00271,2025-01-04,Tại cửa hàng,Hỏi thông tin,Resolved,4.0
TK00197,C00786,2025-09-28,Hotline,Thanh toán lỗi,Pending,
TK00198,C00024,2025-03-11,Tại cửa hàng,Giao hàng chậm,Closed - No Action,4.0
TK00199,C00305,2025-07-11,Zalo,Sai sản phẩm,Escalated,2.0
TK00200,C00277,2024-02-28,Chat,Thanh toán lỗi,Pending,
TK00201,C00767,2025-08-22,Hotline,Hỏi thông tin,Closed - No Action,
TK00202,C00237,2024-11-19,,Thanh toán lỗi,Escalated,3.0
TK00203,C00166,2024-11-29,Facebook,,Escalated,2.0
TK00204,C00282,2024-12-25,Hotline,Khiếu nại chất lượng,Resolved,4.0
TK00205,C00736,2025-02-01,Tại cửa hàng,Khác,Resolved,2.0
TK00206,C00361,2025-03-04,Tại cửa hàng,Thanh toán lỗi,Resolved,1.0
TK00207,C00777,2025-06-27,Tại cửa hàng,Bảo hành,Resolved,5.0
TK00208,C00685,2024-07-02,Tại cửa hàng,Hỏi thông tin,Pending,
TK00209,C00455,2024-01-02,Email,Thanh toán lỗi,Escalated,3.0
TK00210,C00605,2024-07-07,Chat,,Closed - No Action,1.0
TK00211,C00621,2025-03-27,Zalo,Bảo hành,Resolved,3.0
TK00212,C00489,2025-09-23,Zalo,Thanh toán lỗi,Pending,
TK00213,C00484,2025-03-03,Chat,Khiếu nại chất lượng,Resolved,5.0
TK00214,C00635,2025-02-17,Email,Sai sản phẩm,Resolved,5.0
TK00215,C00758,2025-02-01,Tại cửa hàng,Đổi trả,Closed - No Action,3.0
TK00216,C00685,2024-07-17,Facebook,Bảo hành,Resolved,3.0
TK00217,C00103,2024-04-22,Zalo,Giao hàng chậm,Resolved,5.0
TK00218,C00323,2025-04-25,Email,Thanh toán lỗi,Pending,
TK00219,C00662,2025-02-03,Chat,Sai sản phẩm,Closed - No Action,1.0
TK00220,C00348,2023-12-09,Facebook,Đổi trả,Resolved,5.0
TK00221,C00386,2024-08-20,Zalo,Khác,Resolved,4.0
TK00222,C00258,2024-10-10,Chat,Khác,Pending,
TK00223,C00465,2023-11-28,Email,Đổi trả,Resolved,5.0
TK00224,C00098,2025-06-11,Zalo,Thanh toán lỗi,Pending,
TK00225,C00393,2024-11-05,Zalo,Đổi trả,Closed - No Action,
TK00226,C00411,2025-11-25,Email,Đổi trả,Resolved,4.0
TK00227,C00113,2025-08-13,Zalo,Đổi trả,Closed - No Action,1.0
TK00228,C00515,2024-07-19,Facebook,Thanh toán lỗi,Resolved,4.0
TK00229,C00065,2025-09-08,Chat,Giao hàng chậm,Pending,
TK00230,C00604,2025-10-09,Email,Sai sản phẩm,Resolved,10.0
TK00231,C00635,2025-02-08,Zalo,Hỏi thông tin,Resolved,2.0
TK00232,C00557,2025-09-26,Zalo,Sai sản phẩm,Closed - No Action,1.0
TK00233,C00210,2024-03-20,Hotline,Sai sản phẩm,Resolved,4.0
TK00234,C00066,2024-12-14,###,Thanh toán lỗi,Pending,
TK00235,C00758,2025-03-03,Tại cửa hàng,Đổi trả,Pending,
TK00236,C00063,2024-12-26,Facebook,,Escalated,5.0
TK00237,C00035,2025-01-31,Email,Bảo hành,Resolved,2.0
TK00238,C00096,2025-07-18,Email,Giao hàng chậm,Pending,
TK00239,C00269,2025-03-06,Email,Hỏi thông tin,Resolved,2.0
TK00240,C00416,2024-11-11,Zalo,Thanh toán lỗi,Pending,
TK00241,C00647,2025-06-25,Tại cửa hàng,Giao hàng chậm,Resolved,2.0
TK00242,C00271,2025-01-05,Email,Hỏi thông tin,Resolved,5.0
TK00243,C00318,2025-01-17,Email,Khiếu nại chất lượng,Closed - No Action,
TK00244,C00268,2025-08-18,Chat,Khiếu nại chất lượng,Escalated,1.0
TK00245,C00133,2025-05-25,Hotline,Khiếu nại chất lượng,Escalated,
TK00246,C00611,2024-04-23,Tại cửa hàng,Giao hàng chậm,Resolved,0.0
TK00247,C00798,2025-05-26,Zalo,Đổi trả,Closed - No Action,
TK00248,C00619,2025-07-04,Tại cửa hàng,Giao hàng chậm,Escalated,2.0
TK00249,C00051,2024-07-09,Facebook,Khác,Resolved,5.0
TK00250,C00356,2025-08-03,Zalo,Đổi trả,Resolved,1.0
TK00251,C00621,2025-04-24,Facebook,Đổi trả,Resolved,4.0
TK00252,C00677,2024-05-07,Facebook,Thanh toán lỗi,Escalated,1.0
TK00253,C00421,2024-12-01,Hotline,Khác,Pending,
TK00254,C00259,2024-12-13,Zalo,Đổi trả,Closed - No Action,
TK00255,C00399,2025-04-23,Hotline,Hỏi thông tin,Pending,
TK00256,C00386,2024-08-15,,Sai sản phẩm,Closed - No Action,2.0
TK00257,C00384,2025-04-15,Tại cửa hàng,Giao hàng chậm,Pending,
TK00258,C00753,2025-07-26,Chat,Hỏi thông tin,Pending,
TK00259,C00699,2024-02-06,Hotline,Giao hàng chậm,Escalated,3.0
TK00260,C00758,2025-03-12,Tại cửa hàng,Khiếu nại chất lượng,Escalated,4.0
TK00261,C00089,2025-06-08,Hotline,Hỏi thông tin,Resolved,5.0
TK00262,C00211,2024-01-30,Zalo,Đổi trả,Resolved,4.0
TK00263,C00590,2025-10-16,Hotline,Khiếu nại chất lượng,Resolved,5.0
TK00264,C00416,2024-10-12,Email,Bảo hành,Resolved,5.0
TK00265,C00590,2025-11-18,Hotline,Thanh toán lỗi,Resolved,5.0
TK00266,C00477,2025-03-09,Hotline,Khác,Closed - No Action,3.0
TK00267,C00110,2025-06-19,Hotline,Sai sản phẩm,Escalated,1.0
TK00268,C00579,2025-02-27,Facebook,Sai sản phẩm,Closed - No Action,2.0
TK00269,C00320,2025-05-11,Hotline,Thanh toán lỗi,Resolved,4.0
TK00270,C00350,2025-09-15,,Hỏi thông tin,Resolved,5.0
TK00271,C00049,2024-07-17,Chat,Đổi trả,Escalated,1.0
TK00272,C00304,2024-11-01,Chat,Khiếu nại chất lượng,Resolved,5.0
TK00273,C00358,2024-09-20,Facebook,Bảo hành,Closed - No Action,
TK00274,C00137,2025-03-09,Hotline,Giao hàng chậm,Resolved,5.0
TK00275,C00786,2025-11-21,Email,Giao hàng chậm,Pending,
TK00276,C00488,2023-10-09,Facebook,Đổi trả,Resolved,2.0
TK00277,C00026,2025-02-10,Chat,Bảo hành,Pending,
TK00278,C00056,2024-08-09,Hotline,Thanh toán lỗi,Pending,
TK00279,C00290,2024-11-15,Zalo,Khác,Resolved,3.0
TK00280,C00583,2026-01-12,Email,Thanh toán lỗi,Pending,
TK00281,C00237,2024-10-30,,Sai sản phẩm,Resolved,4.0
TK00282,C00750,2024-03-06,Email,Sai sản phẩm,Closed - No Action,1.0
TK00283,C00261,2024-01-14,Tại cửa hàng,Khiếu nại chất lượng,Closed - No Action,
TK00284,C00163,2025-03-07,Chat,Giao hàng chậm,Pending,
TK00285,C00191,2025-10-21,Chat,Sai sản phẩm,Resolved,2.0
TK00286,C00148,2023-12-03,Facebook,Sai sản phẩm,Resolved,5.0
TK00287,C00259,2024-12-05,Email,Khác,Resolved,4.0
TK00288,C00304,2024-10-23,Tại cửa hàng,Đổi trả,Closed - No Action,1.0
TK00289,C00004,2025-05-13,Tại cửa hàng,Khác,Resolved,5.0
TK00290,C00011,2024-08-07,Tại cửa hàng,Đổi trả,Resolved,1.0
TK00291,C00377,2025-02-13,,Bảo hành,Escalated,3.0
TK00292,C00498,2023-09-09,Chat,Khiếu nại chất lượng,Closed - No Action,1.0
TK00293,C00615,2024-09-13,Chat,Khác,Resolved,5.0
TK00294,C00414,2026-02-15,Hotline,Đổi trả,Closed - No Action,3.0
TK00295,C00781,2024-07-15,Chat,,Resolved,3.0
TK00296,C00799,2025-05-23,Tại cửa hàng,Hỏi thông tin,Pending,
TK00297,C00378,2025-04-11,Chat,Thanh toán lỗi,Closed - No Action,
TK00298,C00163,2025-02-27,Facebook,Sai sản phẩm,Escalated,3.0
TK00299,C00795,2025-04-13,Zalo,Khiếu nại chất lượng,Pending,
TK00300,C00328,2024-12-02,Chat,Thanh toán lỗi,Resolved,3.0
TK00301,C00503,2025-08-17,Zalo,Khác,Escalated,4.0
TK00302,C00238,2025-01-31,Hotline,Đổi trả,Closed - No Action,1.0
TK00303,C00260,2024-02-25,Tại cửa hàng,Khiếu nại chất lượng,Resolved,4.0
TK00304,C00146,2025-05-21,Facebook,Khiếu nại chất lượng,Pending,
TK00305,C00742,2024-09-20,Hotline,Thanh toán lỗi,Resolved,2.0
TK00306,C00705,2025-12-31,Tại cửa hàng,Khác,Resolved,5.0
TK00307,C00392,2025-02-17,Email,Bảo hành,Closed - No Action,1.0
TK00308,C00221,2025-01-09,Tại cửa hàng,Giao hàng chậm,Closed - No Action,2.0
TK00309,C00614,2023-09-19,Chat,Đổi trả,Resolved,4.0
TK00310,C00708,2025-07-06,Facebook,Khiếu nại chất lượng,Resolved,5.0
TK00311,C00260,2024-02-21,Facebook,Đổi trả,Closed - No Action,1.0
TK00312,C00731,2025-07-24,Email,Khiếu nại chất lượng,Pending,
TK00313,C00593,2025-10-07,Email,Hỏi thông tin,Resolved,5.0
TK00314,C00431,2025-06-13,###,Đổi trả,Resolved,3.0
TK00315,C00098,2025-05-19,Tại cửa hàng,Khiếu nại chất lượng,Resolved,3.0
TK00316,C00072,2024-07-14,Hotline,Giao hàng chậm,Resolved,1.0
TK00317,C00261,2024-02-15,Email,Bảo hành,Closed - No Action,2.0
TK00318,C00427,2024-06-26,Hotline,Hỏi thông tin,Pending,
TK00319,C00492,2024-10-24,Hotline,Đổi trả,Resolved,4.0
TK00320,C00643,2023-12-19,Hotline,Đổi trả,Escalated,4.0
TK00321,C00268,2025-08-25,Hotline,Thanh toán lỗi,Escalated,1.0
TK00322,C00234,2024-05-03,Facebook,Thanh toán lỗi,Closed - No Action,
TK00323,C00405,2024-02-21,Facebook,Bảo hành,Resolved,5.0
TK00324,C00589,2023-11-25,Tại cửa hàng,Bảo hành,Closed - No Action,4.0
TK00325,C00685,2024-07-11,Facebook,Sai sản phẩm,Resolved,4.0
TK00326,C00142,2025-03-17,Email,Thanh toán lỗi,Closed - No Action,
TK00327,C00784,2024-08-19,Chat,Khác,Escalated,5.0
TK00328,C00329,2025-05-03,Facebook,Đổi trả,Closed - No Action,
TK00329,C00558,2025-09-01,Facebook,Bảo hành,Resolved,4.0
TK00330,C00218,2024-06-23,Email,Hỏi thông tin,Pending,
TK00331,C00084,2025-03-10,Chat,Đổi trả,Resolved,3.0
TK00332,C00280,2023-12-31,Email,Khác,Resolved,4.0
TK00333,C00306,2024-06-03,Hotline,Bảo hành,Resolved,1.0
TK00334,C00006,2024-07-10,Hotline,Hỏi thông tin,Pending,
TK00335,C00783,2025-02-27,Zalo,,Closed - No Action,2.0
TK00336,C00134,2025-08-30,Facebook,Khác,Closed - No Action,4.0
TK00337,C00730,2025-04-25,Facebook,Khiếu nại chất lượng,Resolved,4.0
TK00338,C00407,2025-06-10,,Thanh toán lỗi,Pending,
TK00339,C00136,2025-02-23,Chat,Đổi trả,Resolved,2.0
TK00340,C00621,2025-05-11,Chat,Sai sản phẩm,Closed - No Action,4.0
TK00341,C00686,2025-04-01,###,,Closed - No Action,
TK00342,C00688,2025-05-30,Zalo,Khác,Resolved,5.0
TK00343,C00657,2024-04-10,Email,Giao hàng chậm,Resolved,4.0
TK00344,C00789,2025-07-23,Email,Sai sản phẩm,Resolved,6.0
TK00345,C00068,2024-10-22,Tại cửa hàng,,Resolved,5.0
TK00346,C00097,2023-11-21,,Sai sản phẩm,Closed - No Action,
TK00347,C00070,2024-04-20,Facebook,,Resolved,-1.0
TK00348,C00736,2025-03-09,Chat,Khác,Pending,
TK00349,C00464,2025-01-24,Tại cửa hàng,Khác,Closed - No Action,2.0
TK00350,C00230,2025-04-24,Tại cửa hàng,Giao hàng chậm,Resolved,4.0
TK00351,C00016,2024-12-28,Chat,Đổi trả,Closed - No Action,1.0
TK00352,C00266,2024-10-24,Zalo,Khác,Resolved,4.0
TK00353,C00416,2024-09-22,Chat,Sai sản phẩm,Resolved,3.0
TK00354,C00067,2024-08-27,Facebook,Sai sản phẩm,Escalated,3.0
TK00355,C00609,2024-02-14,Zalo,Thanh toán lỗi,Closed - No Action,2.0
TK00356,C00431,2025-06-03,Tại cửa hàng,Khác,Resolved,5.0
TK00357,C00722,2025-12-28,Facebook,,Pending,
TK00358,C00340,2024-03-30,Zalo,Giao hàng chậm,Pending,
TK00359,C00372,2025-08-20,Hotline,Thanh toán lỗi,Closed - No Action,
TK00360,C00430,2025-04-12,Tại cửa hàng,Khiếu nại chất lượng,Resolved,4.0
TK00361,C00696,2025-05-26,Zalo,Thanh toán lỗi,Pending,
TK00362,C00164,2024-12-13,Chat,Đổi trả,Resolved,4.0
TK00363,C00591,2024-07-13,Email,Bảo hành,Resolved,3.0
TK00364,C00325,2024-01-16,Zalo,Khác,Resolved,1.0
TK00365,C00569,2025-02-18,Zalo,Sai sản phẩm,Escalated,4.0
TK00366,C00523,2025-09-04,Chat,Hỏi thông tin,Resolved,5.0
TK00367,C00196,2025-03-10,Hotline,,Resolved,4.0
TK00368,C00334,2024-12-29,Facebook,Đổi trả,Closed - No Action,5.0
TK00369,C00628,2024-08-19,Zalo,Đổi trả,Escalated,4.0
TK00370,C00690,2025-06-23,Email,Sai sản phẩm,Escalated,10.0
TK00371,C00027,2024-11-19,Chat,Giao hàng chậm,Resolved,4.0
TK00372,C00582,2025-02-02,Facebook,Khác,Resolved,4.0
TK00373,C00740,2024-02-21,Tại cửa hàng,Đổi trả,Closed - No Action,0.0
TK00374,C00663,2026-01-18,Zalo,Đổi trả,Escalated,3.0
TK00375,C00379,2025-08-04,,Hỏi thông tin,Pending,
TK00376,C00176,2024-03-31,Tại cửa hàng,Giao hàng chậm,Resolved,3.0
TK00377,C00288,2025-07-19,Email,Thanh toán lỗi,Resolved,5.0
TK00378,C00483,2025-07-07,Hotline,Thanh toán lỗi,Pending,
TK00379,C00357,2026-02-06,Zalo,,Resolved,3.0
TK00380,C00724,2024-04-10,Email,,Resolved,5.0
TK00381,C00266,2024-12-11,Hotline,Hỏi thông tin,Resolved,1.0
TK00382,C00599,2024-07-14,Zalo,Hỏi thông tin,Resolved,4.0
TK00383,C00097,2023-10-28,Zalo,Thanh toán lỗi,Pending,
TK00384,C00595,2023-09-10,Facebook,Bảo hành,Pending,
TK00385,C00590,2025-11-24,Email,Bảo hành,Escalated,3.0
TK00386,C00382,2025-07-14,Pigeon,Hỏi thông tin,Resolved,5.0
TK00387,C00023,2024-03-14,Chat,Thanh toán lỗi,Resolved,1.0
TK00388,C00503,2025-09-25,Tại cửa hàng,Thanh toán lỗi,Closed - No Action,3.0
TK00389,C00749,2025-03-06,Hotline,Sai sản phẩm,Pending,
TK00390,C00006,2024-07-04,,Hỏi thông tin,Resolved,5.0
TK00391,C00393,2024-10-20,Hotline,Khiếu nại chất lượng,Closed - No Action,
TK00392,C00640,2023-10-02,Chat,Thanh toán lỗi,Resolved,4.0
TK00393,C00076,2024-03-30,Facebook,Đổi trả,Pending,
TK00394,C00006,2024-07-29,Hotline,Hỏi thông tin,Resolved,4.0
TK00395,C00541,2024-11-13,Tại cửa hàng,Khác,Closed - No Action,1.0
TK00396,C00678,2025-08-01,Hotline,Khiếu nại chất lượng,Pending,
TK00397,C00231,2025-07-04,Email,Khác,Resolved,5.0
TK00398,C00709,2025-07-31,Email,Khiếu nại chất lượng,Escalated,
TK00399,C00672,2024-10-29,Chat,Thanh toán lỗi,Pending,
TK00400,C00600,2025-05-20,Chat,Thanh toán lỗi,Escalated,3.0
TK00401,C00497,2024-05-11,Tại cửa hàng,Hỏi thông tin,Resolved,10.0
TK00402,C00702,2025-03-08,Tại cửa hàng,Đổi trả,Closed - No Action,
TK00403,C00344,2024-09-15,Chat,Giao hàng chậm,Resolved,
TK00404,C00748,2025-01-24,Email,Giao hàng chậm,Closed - No Action,
TK00405,C00241,2025-07-26,Chat,Sai sản phẩm,Pending,
TK00406,C00115,2025-01-12,Email,Hỏi thông tin,Resolved,4.0
TK00407,C00256,2025-01-07,Facebook,Hỏi thông tin,Resolved,5.0
TK00408,C00653,2025-05-01,Zalo,Đổi trả,Resolved,3.0
TK00409,C00265,2026-03-21,Email,Sai sản phẩm,Closed - No Action,2.0
TK00410,C00658,2024-02-29,Facebook,Giao hàng chậm,Escalated,5.0
TK00411,C00340,2024-03-23,Facebook,Khiếu nại chất lượng,Pending,
TK00412,C00261,2024-01-02,Hotline,Sai sản phẩm,Closed - No Action,2.0
TK00413,C00042,2024-09-08,Email,Đổi trả,Closed - No Action,
TK00414,C00546,2023-11-14,Tại cửa hàng,Thanh toán lỗi,Resolved,4.0
TK00415,C00635,2025-02-12,Tại cửa hàng,Khác,Closed - No Action,1.0
TK00416,C00116,2024-08-07,Chat,Khiếu nại chất lượng,Pending,
TK00417,C00492,2024-12-10,Email,Thanh toán lỗi,Closed - No Action,
TK00418,C00127,2025-05-11,Hotline,Khiếu nại chất lượng,Closed - No Action,2.0
TK00419,C00250,2025-05-08,Chat,Đổi trả,Closed - No Action,3.0
TK00420,C00758,2025-03-25,Email,Thanh toán lỗi,Escalated,1.0
TK00421,C00594,2025-02-25,Hotline,Bảo hành,Resolved,5.0
TK00422,C00747,2025-09-20,Tại cửa hàng,Bảo hành,Resolved,1.0
TK00423,C00688,2025-06-20,Chat,Giao hàng chậm,Closed - No Action,1.0
TK00424,C00660,2025-04-02,null,Hỏi thông tin,Closed - No Action,
TK00425,C00438,2024-10-03,Email,Khiếu nại chất lượng,Resolved,4.0
TK00426,C00467,2024-08-30,Email,Sai sản phẩm,Resolved,5.0
TK00427,C00075,2024-12-23,Zalo,Khiếu nại chất lượng,Escalated,3.0
TK00428,C00004,2025-06-06,Hotline,Đổi trả,Pending,
TK00429,C00766,2024-11-13,Hotline,Sai sản phẩm,Pending,
TK00430,C00599,2024-05-30,Email,Hỏi thông tin,Pending,
TK00431,C00213,2024-12-22,Email,Thanh toán lỗi,Escalated,4.0
TK00432,C00186,2025-08-07,Facebook,Khiếu nại chất lượng,Resolved,5.0
TK00433,C00404,2025-06-10,Tại cửa hàng,Thanh toán lỗi,Resolved,4.0
TK00434,C00022,2024-04-26,Chat,Đổi trả,Escalated,2.0
TK00435,C00366,2024-05-07,Zalo,Khiếu nại chất lượng,Closed - No Action,1.0
TK00436,C00758,2025-03-30,Hotline,Sai sản phẩm,Resolved,3.0
TK00437,C00091,2025-06-20,Zalo,Thanh toán lỗi,Resolved,3.0
TK00438,C00005,2024-06-03,Chat,Khiếu nại chất lượng,Resolved,2.0
TK00439,C00121,2025-09-04,Tại cửa hàng,Thanh toán lỗi,Resolved,4.0
TK00440,C00401,2024-11-14,Email,Hỏi thông tin,Escalated,1.0
TK00441,C00642,2025-08-23,Hotline,Khiếu nại chất lượng,Pending,
TK00442,C00727,2024-09-10,Hotline,Đổi trả,Resolved,
TK00443,C00318,2025-01-25,Email,Đổi trả,Resolved,5.0
TK00444,C00573,2023-10-09,Facebook,Đổi trả,Pending,
TK00445,C00476,2024-07-06,,Sai sản phẩm,Resolved,4.0
TK00446,C00245,2024-01-03,Facebook,Khiếu nại chất lượng,Escalated,2.0
TK00447,C00323,2025-04-17,Facebook,Khiếu nại chất lượng,Resolved,-1.0
TK00448,C00584,2024-05-19,Hotline,Khác,Pending,
TK00449,C00529,2024-06-06,Facebook,Sai sản phẩm,Resolved,3.0
TK00450,C00119,2024-05-21,,Bảo hành,Resolved,
TK00451,C00690,2025-07-22,Tại cửa hàng,Thanh toán lỗi,Resolved,5.0
TK00452,C00482,2025-11-05,Facebook,Bảo hành,Pending,
TK00453,C00289,2025-06-10,Tại cửa hàng,Sai sản phẩm,Resolved,3.0
TK00454,C00659,2026-02-10,Email,,Closed - No Action,99.0
TK00455,C00303,2024-07-04,Hotline,Bảo hành,Resolved,5.0
TK00456,C00502,2024-09-19,Email,Sai sản phẩm,Closed - No Action,3.0
TK00457,C00230,2025-03-18,Hotline,Bảo hành,Pending,
TK00458,C00188,2024-10-06,Hotline,Khác,Resolved,3.0
TK00459,C00692,2024-06-14,Email,Khác,Closed - No Action,2.0
TK00460,C00245,2023-11-30,Hotline,Đổi trả,Resolved,3.0
TK00461,C00195,2025-12-29,Zalo,Hỏi thông tin,Resolved,5.0
TK00462,C00463,2025-12-13,Chat,Khác,Resolved,1.0
TK00463,C00791,2025-10-03,Zalo,Sai sản phẩm,Closed - No Action,1.0
TK00464,C00482,2025-10-21,Zalo,Khác,Resolved,5.0
TK00465,C00326,2024-04-29,Chat,,Resolved,4.0
TK00466,C00043,2024-09-01,Facebook,Đổi trả,Pending,
TK00467,C00099,2024-10-22,Chat,Thanh toán lỗi,Resolved,5.0
TK00468,C00767,2025-09-17,Facebook,Thanh toán lỗi,Resolved,5.0
TK00469,C00660,2025-03-12,Hotline,Bảo hành,Resolved,4.0
TK00470,C00257,2024-02-28,Tại cửa hàng,Hỏi thông tin,Resolved,4.0
TK00471,C00040,2024-08-11,Chat,Bảo hành,Pending,
TK00472,C00066,2024-11-19,Facebook,Đổi trả,Resolved,3.0
TK00473,C00581,2025-12-27,Email,Thanh toán lỗi,Resolved,3.0
TK00474,C00376,2026-02-02,Hotline,Đổi trả,Pending,
TK00475,C00014,2024-08-05,Chat,Khác,Resolved,4.0
TK00476,C00719,2025-08-21,Tại cửa hàng,Giao hàng chậm,Resolved,3.0
TK00477,C00595,2023-09-23,Zalo,Sai sản phẩm,Closed - No Action,1.0
TK00478,C00014,2024-08-04,Chat,,Escalated,1.0
TK00479,C00359,2025-04-18,Hotline,Hỏi thông tin,Resolved,5.0
TK00480,C00085,2024-05-21,Hotline,Khác,Resolved,5.0
TK00481,C00443,2024-12-01,Chat,Thanh toán lỗi,Escalated,2.0
TK00482,C00749,2025-02-28,Tại cửa hàng,Bảo hành,Escalated,4.0
TK00483,C00192,2025-09-07,,Khiếu nại chất lượng,Closed - No Action,1.0
TK00484,C00662,2025-02-21,Zalo,Giao hàng chậm,Closed - No Action,
TK00485,C00165,2025-01-24,Tại cửa hàng,Thanh toán lỗi,Closed - No Action,
TK00486,C00568,2025-04-18,Tại cửa hàng,Sai sản phẩm,Escalated,2.0
TK00487,C00313,2023-11-26,,,Resolved,
TK00488,C00071,2025-10-05,Email,Đổi trả,Pending,
TK00489,C00277,2024-02-29,Email,,Closed - No Action,
TK00490,C00650,2024-05-13,Email,Hỏi thông tin,Resolved,4.0
TK00491,C00517,2024-06-04,Zalo,Hỏi thông tin,Resolved,5.0
TK00492,C00609,2024-03-22,Email,Bảo hành,Pending,
TK00493,C00352,2024-12-16,Hotline,Thanh toán lỗi,Escalated,1.0
TK00494,C00432,2025-10-27,Tại cửa hàng,Khiếu nại chất lượng,Resolved,4.0
TK00495,C00429,2025-04-08,Zalo,Khiếu nại chất lượng,Resolved,3.0
TK00496,C00194,2024-07-23,Email,Sai sản phẩm,Resolved,5.0
TK00497,C00016,2025-01-29,Zalo,Sai sản phẩm,Pending,
TK00498,C00605,2024-06-15,Email,Khiếu nại chất lượng,Resolved,3.0
TK00499,C00099,2024-10-15,Hotline,Đổi trả,Resolved,4.0
TK00500,C00318,2024-12-12,Chat,,Resolved,4.0
TK00501,C00235,2024-06-14,Tại cửa hàng,Hỏi thông tin,Escalated,3.0
TK00502,C00352,2024-12-12,Zalo,Khác,Closed - No Action,2.0
TK00503,C00487,2025-01-19,Facebook,,Pending,
TK00504,C00448,2025-05-29,Zalo,Sai sản phẩm,Pending,
TK00505,C00570,2026-01-28,Fax,,Resolved,3.0
TK00506,C00179,2025-12-30,Email,Khác,Closed - No Action,1.0
TK00507,C00282,2024-11-19,Email,Bảo hành,Escalated,3.0
TK00508,C00467,2024-09-20,Tại cửa hàng,Thanh toán lỗi,Resolved,5.0
TK00509,C00485,2024-10-31,Tại cửa hàng,Khiếu nại chất lượng,Closed - No Action,4.0
TK00510,C00703,2024-04-17,Email,Hỏi thông tin,Escalated,2.0
TK00511,C00742,2024-09-10,Facebook,Bảo hành,Resolved,3.0
TK00512,C00333,2024-08-30,Email,Khác,Resolved,5.0
TK00513,C00105,2024-08-11,Facebook,Khác,Resolved,3.0
TK00514,C00143,2024-04-16,Tại cửa hàng,Khác,Pending,
TK00515,C00658,2024-03-11,Chat,Bảo hành,Resolved,3.0
TK00516,C00389,2024-03-07,Facebook,Giao hàng chậm,Closed - No Action,
TK00517,C00506,2025-01-02,Facebook,Bảo hành,Closed - No Action,
TK00518,C00583,2026-01-16,Facebook,Hỏi thông tin,Closed - No Action,1.0
TK00519,C00348,2023-12-08,Zalo,Hỏi thông tin,Resolved,2.0
TK00520,C00474,2024-08-08,Chat,Khiếu nại chất lượng,Resolved,5.0
TK00521,C00205,2025-09-17,Email,Đổi trả,Resolved,5.0
TK00522,C00373,2025-10-16,Email,Sai sản phẩm,Resolved,4.0
TK00523,C00408,2024-10-28,Hotline,Khác,Closed - No Action,4.0
TK00524,C00034,2024-10-08,Chat,Đổi trả,Closed - No Action,
TK00525,C00005,2024-05-15,Zalo,Giao hàng chậm,Resolved,4.0
TK00526,C00215,2025-07-30,Chat,Khiếu nại chất lượng,Resolved,4.0
TK00527,C00588,2025-09-18,Tại cửa hàng,Thanh toán lỗi,Closed - No Action,1.0
TK00528,C00381,2025-01-25,Email,Khác,Closed - No Action,1.0
TK00529,C00620,2025-07-14,Zalo,Giao hàng chậm,Resolved,3.0
TK00530,C00364,2024-11-07,Email,Khiếu nại chất lượng,Resolved,5.0
TK00531,C00514,2025-03-24,Chat,Bảo hành,Closed - No Action,1.0
TK00532,C00497,2024-05-09,Chat,Giao hàng chậm,Pending,
TK00533,C00689,2025-06-12,Email,Sai sản phẩm,Closed - No Action,1.0
TK00534,C00367,2024-06-14,Facebook,Bảo hành,Closed - No Action,2.0
TK00535,C00565,2024-09-11,Chat,Bảo hành,Resolved,1.0
TK00536,C00272,2025-07-09,Hotline,Giao hàng chậm,Pending,
TK00537,C00379,2025-06-25,Zalo,Hỏi thông tin,Resolved,5.0
TK00538,C00042,2024-09-03,Tại cửa hàng,Khác,Resolved,5.0
TK00539,C00686,2025-03-17,Tại cửa hàng,Bảo hành,Pending,
TK00540,C00473,2025-10-26,Zalo,Khiếu nại chất lượng,Closed - No Action,2.0
TK00541,C00026,2025-03-31,Facebook,Khác,Resolved,4.0
TK00542,C00469,2024-05-03,Hotline,Khiếu nại chất lượng,Resolved,5.0
TK00543,C00079,2025-01-11,Zalo,Khiếu nại chất lượng,Pending,
TK00544,C00144,2025-05-16,Tại cửa hàng,Khác,Resolved,4.0
TK00545,C00496,2025-04-21,Facebook,Đổi trả,Pending,
TK00546,C00560,2024-03-15,Tại cửa hàng,Khiếu nại chất lượng,Resolved,5.0
TK00547,C00633,2026-02-15,Tại cửa hàng,Bảo hành,Resolved,5.0
TK00548,C00464,2025-02-13,Chat,Khác,Pending,
TK00549,C00037,2024-12-17,Chat,Thanh toán lỗi,Pending,
TK00550,C00165,2025-01-20,Email,Khác,Resolved,5.0
TK00551,C00104,2024-01-07,Email,Đổi trả,Resolved,5.0
TK00552,C00377,2025-02-24,Tại cửa hàng,Khác,Pending,
TK00553,C00209,2025-06-15,Facebook,Thanh toán lỗi,Closed - No Action,3.0
TK00554,C00087,2024-01-06,Email,Khác,Resolved,2.0
TK00555,C00128,2025-02-03,Hotline,Giao hàng chậm,Resolved,5.0
TK00556,C00079,2025-02-28,Zalo,Khiếu nại chất lượng,Closed - No Action,1.0
TK00557,C00369,2024-12-01,Hotline,Sai sản phẩm,Resolved,5.0
TK00558,C00065,2025-07-21,Zalo,Hỏi thông tin,Pending,
TK00559,C00224,2025-03-31,Email,Bảo hành,Closed - No Action,1.0
TK00560,C00417,2024-04-20,Facebook,Khiếu nại chất lượng,Pending,
TK00561,C00206,2025-03-15,Chat,Bảo hành,Resolved,4.0
TK00562,C00272,2025-07-21,Facebook,Bảo hành,Resolved,4.0
TK00563,C00774,2025-12-02,null,Khiếu nại chất lượng,Pending,
TK00564,C00727,2024-09-22,Email,Sai sản phẩm,Closed - No Action,2.0
TK00565,C00662,2025-01-22,Email,Khác,Pending,
TK00566,C00672,2024-11-02,Hotline,,Resolved,4.0
TK00567,C00121,2025-08-24,Chat,Bảo hành,Resolved,
TK00568,C00783,2025-01-17,Hotline,Bảo hành,Closed - No Action,1.0
TK00569,C00670,2024-12-05,Facebook,,Closed - No Action,2.0
TK00570,C00664,2024-01-07,Hotline,Giao hàng chậm,Closed - No Action,2.0
TK00571,C00328,2024-12-17,Hotline,Thanh toán lỗi,Escalated,1.0
TK00572,C00006,2024-07-18,Chat,Hỏi thông tin,Resolved,5.0
TK00573,C00769,2024-12-05,Facebook,Khác,Escalated,2.0
TK00574,C00123,2025-07-30,Zalo,Sai sản phẩm,Resolved,
TK00575,C00288,2025-09-11,Chat,Bảo hành,Resolved,5.0
TK00576,C00728,2025-02-27,Zalo,Đổi trả,Escalated,3.0
TK00577,C00343,2025-07-09,Chat,Đổi trả,Resolved,5.0
TK00578,C00692,2024-06-24,Facebook,Hỏi thông tin,Closed - No Action,1.0
TK00579,C00496,2025-05-20,Facebook,Giao hàng chậm,Closed - No Action,
TK00580,C00246,2025-06-08,Chat,Khác,Pending,
TK00581,C00386,2024-06-30,Zalo,Giao hàng chậm,Resolved,5.0
TK00582,C00150,2025-11-22,Tại cửa hàng,,Pending,
TK00583,C00791,2025-09-08,Zalo,Sai sản phẩm,Closed - No Action,10.0
TK00584,C00150,2025-11-06,Tại cửa hàng,Khiếu nại chất lượng,Resolved,4.0
TK00585,C00223,2024-11-13,###,Giao hàng chậm,Resolved,
TK00586,C00679,2024-07-24,Facebook,,Resolved,4.0
TK00587,C00294,2023-12-11,Facebook,Bảo hành,Resolved,4.0
TK00588,C00257,2024-02-22,Chat,Hỏi thông tin,Resolved,5.0
TK00589,C00355,2025-02-03,Email,Đổi trả,Pending,
TK00590,C00721,2025-08-17,,Bảo hành,Escalated,1.0
TK00591,C00380,2024-06-06,Tại cửa hàng,Sai sản phẩm,Resolved,-1.0
TK00592,C00318,2025-01-14,Facebook,Bảo hành,Resolved,2.0
TK00593,C00146,2025-04-23,Zalo,Khác,Resolved,5.0
TK00594,C00059,2024-08-08,Tại cửa hàng,Khiếu nại chất lượng,Escalated,
TK00595,C00181,2023-10-19,Chat,Đổi trả,Closed - No Action,
TK00596,C00345,2025-07-12,Facebook,Khiếu nại chất lượng,Resolved,5.0
TK00597,C00279,2025-01-18,Chat,Khiếu nại chất lượng,Escalated,
TK00598,C00690,2025-06-10,Facebook,Bảo hành,Resolved,5.0
TK00599,C00088,2024-10-24,Zalo,Hỏi thông tin,Closed - No Action,
TK00600,C00667,2024-08-14,Zalo,Bảo hành,Closed - No Action,1.0
TK00601,C00568,2025-04-29,Email,Bảo hành,Pending,
TK00602,C00095,2024-10-18,Chat,Khác,Resolved,4.0
TK00603,C00065,2025-08-21,,Khiếu nại chất lượng,Escalated,
TK00604,C00102,2024-01-24,Hotline,Hỏi thông tin,Escalated,1.0
TK00605,C00085,2024-04-11,Tại cửa hàng,Thanh toán lỗi,Resolved,10.0
TK00606,C00635,2025-01-24,Facebook,Hỏi thông tin,Escalated,
TK00607,C00066,2025-01-04,Chat,Hỏi thông tin,Resolved,3.0
TK00608,C00004,2025-06-12,Tại cửa hàng,Khác,Resolved,5.0
TK00609,C00609,2024-02-28,Facebook,Sai sản phẩm,Escalated,1.0
TK00610,C00389,2024-03-02,Hotline,Sai sản phẩm,Pending,
TK00611,C00224,2025-05-06,Chat,Giao hàng chậm,Pending,
TK00612,C00744,2024-12-27,Zalo,,Closed - No Action,
TK00613,C00643,2023-12-30,Hotline,Thanh toán lỗi,Pending,
TK00614,C00141,2024-02-24,Zalo,Đổi trả,Closed - No Action,
TK00615,C00536,2025-05-22,Zalo,Khiếu nại chất lượng,Escalated,
TK00616,C00338,2025-02-18,Chat,Bảo hành,Resolved,3.0
TK00617,C00508,2026-02-26,Chat,Bảo hành,Closed - No Action,1.0
TK00618,C00473,2025-11-03,Zalo,Hỏi thông tin,Pending,
TK00619,C00039,2025-06-21,Hotline,Thanh toán lỗi,Resolved,2.0
TK00620,C00055,2023-08-16,Tại cửa hàng,Giao hàng chậm,Escalated,4.0
TK00621,C00664,2024-01-06,Email,Giao hàng chậm,Resolved,2.0
TK00622,C00150,2025-11-26,Email,Thanh toán lỗi,Resolved,3.0
TK00623,C00063,2025-02-10,Hotline,Đổi trả,Resolved,3.0
TK00624,C00619,2025-06-19,Tại cửa hàng,Bảo hành,Resolved,4.0
TK00625,C00629,2025-07-13,Facebook,Thanh toán lỗi,Resolved,5.0
TK00626,C00642,2025-09-16,Email,Đổi trả,Escalated,1.0
TK00627,C00432,2025-10-22,Zalo,,Closed - No Action,
TK00628,C00382,2025-08-11,Hotline,Thanh toán lỗi,Resolved,2.0
TK00629,C00129,2024-05-08,Hotline,Thanh toán lỗi,Pending,
TK00630,C00061,2024-06-21,Facebook,Đổi trả,Resolved,3.0
TK00631,C00758,2025-03-04,Zalo,Bảo hành,Resolved,1.0
TK00632,C00736,2025-02-07,Chat,Sai sản phẩm,Resolved,4.0
TK00633,C00689,2025-07-22,Facebook,Khiếu nại chất lượng,Resolved,4.0
TK00634,C00490,2025-08-01,Hotline,Khác,Pending,
TK00635,C00499,2026-03-11,,Giao hàng chậm,Closed - No Action,
TK00636,C00480,2025-01-31,Facebook,Hỏi thông tin,Closed - No Action,2.0
TK00637,C00477,2025-04-30,Chat,Sai sản phẩm,Resolved,1.0
TK00638,C00188,2024-09-18,Zalo,Khiếu nại chất lượng,Pending,
TK00639,C00003,2023-10-02,Facebook,Bảo hành,Resolved,5.0
TK00640,C00170,2023-10-08,Email,Khác,Escalated,2.0
TK00641,C00617,2026-01-16,Tại cửa hàng,Sai sản phẩm,Resolved,
TK00642,C00475,2024-10-17,,Khiếu nại chất lượng,Closed - No Action,3.0
TK00643,C00129,2024-04-13,Email,,Pending,
TK00644,C00766,2024-11-10,Tại cửa hàng,Bảo hành,Resolved,1.0
TK00645,C00777,2025-07-23,Hotline,Khiếu nại chất lượng,Resolved,3.0
TK00646,C00127,2025-04-26,Facebook,Đổi trả,Pending,
TK00647,C00469,2024-04-07,Chat,Thanh toán lỗi,Escalated,1.0
TK00648,C00512,2025-10-12,Tại cửa hàng,Đổi trả,Closed - No Action,5.0
TK00649,C00680,2025-08-06,Chat,Đổi trả,Escalated,3.0
TK00650,C00091,2025-05-28,Email,Đổi trả,Escalated,2.0
TK00651,C00016,2024-12-31,,Sai sản phẩm,Closed - No Action,2.0
TK00652,C00416,2024-11-12,Email,Hỏi thông tin,Pending,
TK00653,C00560,2024-04-25,Facebook,Khiếu nại chất lượng,Closed - No Action,
TK00654,C00775,2025-06-05,Facebook,Khác,Resolved,3.0
TK00655,C00198,2025-12-19,Email,Khiếu nại chất lượng,Resolved,4.0
TK00656,C00709,2025-07-14,Zalo,Khiếu nại chất lượng,Pending,
TK00657,C00465,2024-01-01,Hotline,Bảo hành,Escalated,3.0
TK00658,C00460,2025-06-17,Zalo,Hỏi thông tin,Resolved,5.0
TK00659,C00240,2023-12-18,Chat,Thanh toán lỗi,Resolved,5.0
TK00660,C00333,2024-09-07,Email,Giao hàng chậm,Closed - No Action,0.0
TK00661,C00120,2025-06-15,Email,Sai sản phẩm,Resolved,2.0
TK00662,C00672,2024-11-04,Zalo,Khiếu nại chất lượng,Pending,
TK00663,C00675,2025-02-26,Facebook,Khiếu nại chất lượng,Resolved,4.0
TK00664,C00067,2024-10-06,,Sai sản phẩm,Resolved,1.0
TK00665,C00533,2024-08-04,Zalo,Khác,Resolved,5.0
TK00666,C00272,2025-07-03,Facebook,Khiếu nại chất lượng,Closed - No Action,
TK00667,C00391,2025-10-09,Facebook,Khác,Escalated,3.0
TK00668,C00342,2025-09-25,Chat,Giao hàng chậm,Pending,
TK00669,C00613,2025-03-17,Email,Bảo hành,Resolved,2.0
TK00670,C00444,2025-08-30,Chat,Bảo hành,Closed - No Action,3.0
TK00671,C00447,2023-10-06,Tại cửa hàng,Giao hàng chậm,Resolved,4.0
TK00672,C00228,2024-09-16,Facebook,Đổi trả,Closed - No Action,
TK00673,C00271,2025-02-02,Facebook,Khác,Closed - No Action,1.0
TK00674,C00149,2024-06-15,Chat,Thanh toán lỗi,Resolved,5.0
TK00675,C00383,2025-05-17,Zalo,Khiếu nại chất lượng,Resolved,5.0
TK00676,C00105,2024-08-11,Facebook,Hỏi thông tin,Escalated,2.0
TK00677,C00015,2024-10-18,Facebook,Đổi trả,Pending,
TK00678,C00309,2025-01-21,Email,Giao hàng chậm,Escalated,1.0
TK00679,C00542,2024-10-27,Zalo,,Resolved,
TK00680,C00195,2025-12-28,###,Sai sản phẩm,Closed - No Action,99.0
TK00681,C00776,2025-05-30,Facebook,Khiếu nại chất lượng,Resolved,4.0
TK00682,C00719,2025-08-21,Email,Khiếu nại chất lượng,Escalated,1.0
TK00683,C00661,2025-10-13,Facebook,Giao hàng chậm,Escalated,1.0
TK00684,C00693,2024-03-26,Hotline,Bảo hành,Closed - No Action,
TK00685,C00175,2024-10-26,Email,Giao hàng chậm,Resolved,
TK00686,C00641,2024-11-25,Hotline,Bảo hành,Resolved,3.0
TK00687,C00391,2025-08-30,Zalo,Hỏi thông tin,Closed - No Action,5.0
TK00688,C00505,2025-03-15,Zalo,Giao hàng chậm,Resolved,5.0
TK00689,C00026,2025-03-26,Chat,Đổi trả,Resolved,5.0
TK00690,C00263,2023-09-28,,Thanh toán lỗi,Pending,
TK00691,C00397,2024-03-05,Tại cửa hàng,Sai sản phẩm,Resolved,1.0
TK00692,C00059,2024-07-10,Zalo,,Closed - No Action,2.0
TK00693,C00269,2025-04-11,Email,Thanh toán lỗi,Resolved,5.0
TK00694,C00410,2025-01-13,Tại cửa hàng,Khác,Closed - No Action,
TK00695,C00390,2025-08-27,Email,Bảo hành,Escalated,4.0
TK00696,C00627,2025-06-11,Zalo,Giao hàng chậm,Resolved,2.0
TK00697,C00422,2024-11-27,Hotline,,Escalated,4.0
TK00698,C00711,2025-09-20,Fax,Giao hàng chậm,Resolved,1.0
TK00699,C00578,2025-10-09,Hotline,Đổi trả,Pending,
TK00700,C00167,2024-10-10,,Hỏi thông tin,Escalated,2.0
