campaign_id,customer_id,sent_date,channel,campaign_type,is_opened,is_clicked,offer_value
MKT002,C00067,2026-01-20,SMS,Loyalty Reward,0,0,30000.0
MKT003,C00445,2024-12-10,Push Notification,Loyalty Reward,0,0,5000.0
MKT004,C00569,2023-10-11,,New Product,0,0,20000.0
MKT005,C00664,2025-06-09,Zalo OA,Referral,0,0,50000.0
MKT006,C00022,2025-11-30,Push Notification,Loyalty Reward,0,0,5000.0
MKT007,C00361,2025-08-31,,Seasonal,0,0,50000.0
MKT008,C00629,2025-08-17,Email,Seasonal,0,0,20000.0
MKT009,C00699,2025-04-06,SMS,Birthday,1,1,5000.0
MKT010,C00320,2026-01-11,Push Notification,Flash Sale,0,0,30000.0
MKT011,C00672,2026-01-13,,Win-back,0,0,
MKT012,C00675,2025-11-04,Zalo OA,New Product,0,0,15000.0
MKT013,C00468,2025-09-27,Zalo OA,Loyalty Reward,0,0,
MKT014,C00244,2024-10-29,Facebook Ad,Birthday,0,0,0.0
MKT015,C00626,2025-07-28,In-app,Birthday,0,0,10000.0
MKT016,C00767,NaT,Facebook Ad,Birthday,0,Yes,15000.0
MKT017,C00104,2025-12-16,SMS,Flash Sale,0,0,15000.0
MKT018,C00628,2025-06-27,SMS,Birthday,1,,0.0
MKT019,C00766,2024-08-22,Push Notification,Birthday,1,0,0.0
MKT020,C00689,2025-10-03,,Flash Sale,1,2,15000.0
MKT021,C00752,2024-09-10,SMS,Loyalty Reward,1,Yes,5000.0
MKT022,C00268,2026-01-07,Zalo OA,Holiday,0,0,0.0
MKT023,C00727,2024-12-11,Email,Loyalty Reward,1,0,50000.0
MKT024,C00083,2024-11-06,Facebook Ad,New Product,0,0,
MKT025,C00315,2025-02-28,In-app,Birthday,0,0,0.0
MKT026,C00123,0000-00-00,Push Notification,Referral,0,0,5000.0
MKT027,C00776,2026-01-08,SMS,Seasonal,0,0,0.0
MKT028,C00314,2026-01-09,,Seasonal,0,0,0.0
MKT029,C00548,2025-11-01,Zalo OA,Birthday,1,,10000.0
MKT030,C00690,2025-06-03,Facebook Ad,Seasonal,1,0,50000.0
MKT031,C00020,2026-02-13,Facebook Ad,Birthday,0,0,0.0
MKT032,C00694,2024-06-08,Push Notification,Seasonal,1,2,10000.0
MKT033,C00025,2024-12-24,SMS,Win-back,0,0,20000.0
MKT034,C00065,2026-02-19,Zalo OA,New Product,0,0,0.0
MKT035,C00778,2024-08-15,Facebook Ad,Holiday,0,0,0.0
MKT036,C00215,2025-03-26,Push Notification,New Product,0,0,10000.0
MKT037,C00681,2024-09-17,,Loyalty Reward,1,1,0.0
MKT038,C00045,2025-06-03,Email,Win-back,1,1,20000.0
MKT039,C00002,2025-04-13,Email,New Product,0,0,0.0
MKT040,C00241,2025-09-28,Facebook Ad,Win-back,1,0,0.0
MKT041,C00049,2025-10-19,SMS,Loyalty Reward,0,0,5000.0
MKT042,C00612,2025-12-01,In-app,Holiday,0,0,
MKT043,C00673,2025-09-06,Email,Holiday,,0,50000.0
MKT044,C00465,2024-11-27,Zalo OA,Birthday,0,0,0.0
MKT045,C00223,2025-04-07,Email,Loyalty Reward,0,0,5000.0
MKT046,C00622,2024-03-12,Facebook Ad,New Product,0,0,30000.0
MKT047,C00659,2026-02-18,Zalo OA,New Product,1,0,0.0
MKT048,C00282,2024/01/32,Push Notification,Birthday,0,0,50000.0
MKT049,C00420,2025-01-31,Email,Holiday,0,0,5000.0
MKT050,C00288,2026-03-17,In-app,Flash Sale,0,0,30000.0
MKT001,C00593,2026-01-29,In-app,Flash Sale,0,0,
MKT002,C00642,2026-03-14,Push Notification,Birthday,1,0,5000.0
MKT003,C00583,2025-09-23,SMS,Flash Sale,1,0,15000.0
MKT004,C00286,2025-03-23,SMS,Loyalty Reward,0,0,30000.0
MKT005,C00084,2025-10-28,Zalo OA,New Product,1,1,50000.0
MKT006,C00322,2025-07-03,Email,Loyalty Reward,0,0,0.0
MKT007,C00757,2026-03-20,Zalo OA,Win-back,1,0,0.0
MKT008,C00057,2025-12-25,In-app,Birthday,0,0,
MKT009,C00774,2025-06-21,Email,Holiday,1,0,50000.0
MKT010,C00726,2025-08-04,In-app,Loyalty Reward,0,0,0.0
MKT011,C00109,2023-11-16,Zalo OA,Loyalty Reward,0,0,0.0
MKT012,C00284,2025-10-19,Push Notification,Holiday,0,0,0.0
MKT013,C00128,2024-10-26,Zalo OA,Birthday,1,1,30000.0
MKT014,C00551,2025-06-08,Push Notification,Seasonal,0,0,0.0
MKT015,C00711,2026-03-12,Zalo OA,Seasonal,0,0,50000.0
MKT016,C00429,2025-05-10,Push Notification,Win-back,1,0,150000.0
MKT017,C00061,2025-01-28,Zalo OA,Holiday,0,0,0.0
MKT018,C00118,2023-11-28,Facebook Ad,Holiday,0,0,30000.0
MKT019,C00798,2025-04-15,Email,Win-back,,0,10000.0
MKT020,C00230,2026-03-24,Push Notification,Referral,1,1,20000.0
MKT021,C00792,2026-03-12,,Win-back,0,0,0.0
MKT022,C00773,2025-06-02,Facebook Ad,Seasonal,1,0,30000.0
MKT023,C00453,2025-11-07,Facebook Ad,Loyalty Reward,0,0,10000.0
MKT024,C00414,2025-10-04,Push Notification,Seasonal,1,0,0.0
MKT025,C00697,2023-10-09,Push Notification,New Product,1,0,0.0
MKT026,C00254,2025-11-04,Zalo OA,Birthday,1,0,0.0
MKT027,C00523,2025-03-23,Email,Holiday,,0,0.0
MKT028,C00023,2024-10-17,Push Notification,New Product,,0,0.0
MKT029,C00363,2024-08-31,Zalo OA,Win-back,0,0,
MKT030,C00706,2025-04-28,Push Notification,Seasonal,0,0,0.0
MKT031,C00211,2023-12-15,Push Notification,Seasonal,0,0,0.0
MKT032,C00117,2025-10-15,Email,Loyalty Reward,0,0,0.0
MKT033,C00389,2025-02-09,In-app,New Product,1,0,0.0
MKT034,C00034,2024-12-18,Push Notification,Win-back,1,0,0.0
MKT035,C00663,2025-11-23,Zalo OA,New Product,TRUE,0,15000.0
MKT036,C00205,2025-08-29,Push Notification,Referral,0,0,0.0
MKT037,C00127,2025-11-04,In-app,Win-back,1,0,10000.0
MKT038,C00753,2025-11-08,Email,Win-back,TRUE,0,15000.0
MKT039,C00323,2025-09-09,Push Notification,Loyalty Reward,0,0,20000.0
MKT040,C00543,2026-01-05,Push Notification,Flash Sale,0,0,50000.0
MKT041,C00110,2026-03-24,In-app,Win-back,0,0,0.0
MKT042,C00188,2025-01-12,Push Notification,New Product,1,0,15000.0
MKT043,C00524,2025-11-27,In-app,Birthday,1,0,0.0
MKT044,C00521,2024-12-25,Zalo OA,Birthday,1,0,0.0
MKT045,C00510,2026-01-15,In-app,Holiday,1,0,5000.0
MKT046,C00370,2025-01-31,Push Notification,Loyalty Reward,0,0,10000.0
MKT047,C00721,0000-00-00,Zalo OA,Win-back,0,0,10000.0
MKT048,C00798,2025-05-21,Push Notification,New Product,0,0,0.0
MKT049,C00314,2025-03-26,Email,Referral,2,0,0.0
MKT050,C00396,2026-03-12,Zalo OA,Win-back,0,0,50000.0
MKT001,C00445,2026-02-21,Push Notification,New Product,0,0,30000.0
MKT002,C00474,2025-03-09,Facebook Ad,Birthday,0,0,
MKT003,C00669,2025-05-16,Email,Flash Sale,1,1,10000.0
MKT004,C00025,2025-03-04,,Birthday,0,0,5000.0
MKT005,C00618,2024-02-08,,New Product,1,0,0.0
MKT006,C00648,2025-07-06,Zalo OA,Loyalty Reward,0,0,20000.0
MKT007,C00140,2024-12-30,Push Notification,New Product,0,2,0.0
MKT008,C00703,2026-02-04,,New Product,1,1,10000.0
MKT009,C00253,2025-09-02,Facebook Ad,Win-back,0,0,10000.0
MKT010,C00159,2026-03-06,SMS,New Product,,,20000.0
MKT011,C00093,,,Referral,0,0,10000.0
MKT012,C00345,2025-11-29,In-app,Birthday,0,0,15000.0
MKT013,C00468,,SMS,Holiday,0,0,5000.0
MKT014,C00744,2026-01-05,Push Notification,Loyalty Reward,0,0,30000.0
MKT015,C00747,2025-10-22,In-app,Win-back,1,,0.0
MKT016,C00166,2025-05-19,Zalo OA,Loyalty Reward,0,0,30000.0
MKT017,C00397,2025-02-01,Push Notification,Flash Sale,0,0,10000.0
MKT018,C00042,2025-07-30,,Loyalty Reward,1,0,50000.0
MKT019,C00387,2025-01-19,Email,Birthday,1,1,0.0
MKT020,C00140,2025-02-02,Facebook Ad,Loyalty Reward,0,0,0.0
MKT021,C00489,2025-12-07,Facebook Ad,Birthday,1,0,0.0
MKT022,C00539,2025-04-06,Zalo OA,Holiday,0,0,30000.0
MKT023,C00280,2024-02-06,Push Notification,Win-back,0,0,5000.0
MKT024,C00771,2025-11-13,In-app,Holiday,1,0,50000.0
MKT025,C00222,2025-04-09,Facebook Ad,Loyalty Reward,0,0,0.0
MKT026,C00353,2024-12-19,Zalo OA,Holiday,1,0,0.0
MKT027,C00070,2024-08-12,In-app,Win-back,0,0,500000.0
MKT028,C00395,2026-03-19,Zalo OA,Birthday,0,0,
MKT029,C00509,2025-08-26,Zalo OA,New Product,0,0,0.0
MKT030,C00027,2025-03-12,SMS,Seasonal,1,0,50000.0
MKT031,C00465,2023-10-18,Facebook Ad,Birthday,0,0,0.0
MKT032,C00488,2024-04-30,Zalo OA,Holiday,0,0,5000.0
MKT033,C00108,2024/01/32,SMS,Win-back,0,0,0.0
MKT034,C00760,2025-03-08,SMS,Holiday,1,0,15000.0
MKT035,C00622,2025-12-01,Facebook Ad,Flash Sale,1,1,0.0
MKT036,C00623,2024-10-31,In-app,Holiday,1,1,0.0
MKT037,C00161,2024-02-10,Push Notification,Birthday,0,0,0.0
MKT038,C00252,2025-08-21,Email,Loyalty Reward,0,0,5000.0
MKT039,C00215,2026-03-03,Facebook Ad,Holiday,1,0,15000.0
MKT040,C00118,2024-11-10,Facebook Ad,Flash Sale,0,0,5000.0
MKT041,C00172,2023-11-13,Facebook Ad,Flash Sale,0,0,20000.0
MKT042,C00004,2026-03-15,Push Notification,Flash Sale,1,1,0.0
MKT043,C00752,2024-05-04,Email,Flash Sale,0,0,30000.0
MKT044,C00526,2025-10-21,In-app,Birthday,0,0,
MKT045,C00718,2024-12-18,Push Notification,Flash Sale,1,0,15000.0
MKT046,C00589,2024-01-20,Facebook Ad,Holiday,1,1,0.0
MKT047,C00255,2026-01-01,In-app,Referral,0,0,0.0
MKT048,C00457,2026-02-01,Push Notification,Seasonal,0,0,50000.0
MKT049,C00128,2024-09-08,SMS,Win-back,1,0,15000.0
MKT050,C00048,2025-12-26,Email,Holiday,1,0,20000.0
MKT001,C00268,2025-09-22,Facebook Ad,New Product,0,0,
MKT002,C00110,2025-12-12,Email,Holiday,0,0,50000.0
MKT003,C00696,2025-10-28,Zalo OA,Birthday,,0,50000.0
MKT004,C00323,2025-03-25,Email,Flash Sale,0,0,
MKT005,C00662,2025-08-07,SMS,Referral,0,0,10000.0
MKT006,C00094,2026-01-09,In-app,Holiday,,0,50000.0
MKT007,C00626,2025-08-30,Email,Loyalty Reward,1,0,10000.0
MKT008,C00589,2026-03-21,Zalo OA,Win-back,0,0,15000.0
MKT009,C00693,2025-10-02,SMS,Win-back,0,0,5000.0
MKT010,C00450,2023-08-09,Email,Holiday,1,1,5000.0
MKT011,C00399,2025-05-09,Zalo OA,Birthday,0,0,20000.0
MKT012,C00594,2025-03-06,Facebook Ad,Loyalty Reward,0,0,0.0
MKT013,C00793,2024-06-15,In-app,Loyalty Reward,0,0,30000.0
MKT014,C00214,2026-01-15,Zalo OA,Loyalty Reward,1,0,0.0
MKT015,C00159,2025-10-05,,Holiday,1,0,50000.0
MKT016,C00590,2026-03-13,In-app,Win-back,1,1,0.0
MKT017,C00349,2025-05-31,Email,Flash Sale,0,0,15000.0
MKT018,C00503,2025-11-10,Email,New Product,1,0,0.0
MKT019,C00208,2026-03-15,SMS,Referral,1,0,15000.0
MKT020,C00670,2024-01-11,Push Notification,Referral,0,0,50000.0
MKT021,C00274,2026-01-07,Zalo OA,Holiday,0,0,0.0
MKT022,C00755,2024-05-06,Email,Holiday,0,0,100000.0
MKT023,C00387,2025-12-18,Zalo OA,Flash Sale,1,1,0.0
MKT024,C00285,2025-10-19,Zalo OA,Win-back,1,0,10000.0
MKT025,C00202,2025-12-15,In-app,Referral,0,0,5000.0
MKT026,C00516,2026-03-04,SMS,Seasonal,0,0,15000.0
MKT027,C00490,2025-02-10,Email,Birthday,0,0,10000.0
MKT028,C00384,2025-04-13,Email,Loyalty Reward,0,0,10000.0
MKT029,C00779,2025-11-12,Email,Win-back,0,0,0.0
MKT030,C00501,,In-app,Seasonal,0,Yes,10000.0
MKT031,C00112,2026-02-23,SMS,Referral,0,0,5000.0
MKT032,C00726,2026-01-08,SMS,New Product,1,0,5000.0
MKT033,C00591,2026-01-03,Facebook Ad,Loyalty Reward,0,0,0.0
MKT034,C00322,2024-05-19,Email,New Product,1,0,0.0
MKT035,C00678,2024-11-10,Facebook Ad,Win-back,1,,15000.0
MKT036,C00430,2025-09-16,In-app,Win-back,1,,0.0
MKT037,C00752,2025-10-30,Zalo OA,Flash Sale,0,0,10000.0
MKT038,C00324,2025-04-23,SMS,Seasonal,0,0,0.0
MKT039,C00412,2025-04-10,In-app,Referral,0,0,30000.0
MKT040,C00684,2025-07-28,Push Notification,Holiday,0,0,20000.0
MKT041,C00395,2025-09-29,Zalo OA,Flash Sale,0,0,50000.0
MKT042,C00362,2024-02-14,In-app,Birthday,0,0,0.0
MKT043,C00601,2025-06-29,SMS,Seasonal,1,,30000.0
MKT044,C00373,2025-11-12,Facebook Ad,Holiday,0,0,50000.0
MKT045,C00138,2025-10-22,SMS,Holiday,0,0,15000.0
MKT046,C00307,2025-05-13,Email,Birthday,1,1,0.0
MKT047,C00425,2026-01-06,Zalo OA,New Product,1,0,50000.0
MKT048,C00443,2025-03-18,Zalo OA,Loyalty Reward,1,0,10000.0
MKT049,C00425,2025-07-10,SMS,Seasonal,1,1,10000.0
MKT050,C00254,2024-02-07,Facebook Ad,New Product,1,0,5000.0
MKT001,C00021,2025-07-29,Facebook Ad,Win-back,1,1,0.0
MKT002,C00411,2025-07-14,Push Notification,Birthday,0,0,50000.0
MKT003,C00511,2025-04-28,SMS,Referral,1,0,0.0
MKT004,C00352,2025-04-11,Push Notification,Birthday,1,0,30000.0
MKT005,C00725,2025-08-21,Facebook Ad,New Product,1,0,50000.0
MKT006,C00468,2025-03-03,Push Notification,Birthday,0,0,20000.0
MKT007,C00435,2026-03-11,SMS,New Product,0,0,50000.0
MKT008,C00730,2025-09-26,In-app,Referral,0,0,10000.0
MKT009,C00070,2025-11-29,SMS,Birthday,0,2,20000.0
MKT010,C00048,2025-03-12,In-app,Seasonal,0,,20000.0
MKT011,C00133,2025-10-27,Push Notification,Holiday,0,0,20000.0
MKT012,C00721,2025-11-19,,Win-back,1,0,0.0
MKT013,C00442,2025-02-14,Zalo OA,Holiday,0,,5000.0
MKT014,C00445,2025-11-09,Facebook Ad,Flash Sale,0,0,0.0
MKT015,C00005,2025-10-02,Zalo OA,Seasonal,0,0,0.0
MKT016,C00696,2025-10-05,In-app,Loyalty Reward,1,0,0.0
MKT017,C00193,2025-09-11,Email,Birthday,1,0,0.0
MKT018,C00586,2026-03-18,Zalo OA,Loyalty Reward,1,0,10000.0
MKT019,C00741,2025-03-24,SMS,Flash Sale,2,0,0.0
MKT020,C00401,2025-06-15,In-app,New Product,0,0,5000.0
MKT021,C00695,2024-01-21,Push Notification,New Product,0,0,0.0
MKT022,C00393,2025-06-07,Push Notification,Flash Sale,1,0,5000.0
MKT023,C00055,2024-11-10,Facebook Ad,Win-back,1,0,0.0
MKT024,C00689,2025-05-19,Facebook Ad,Win-back,1,0,5000.0
MKT025,C00772,2024-01-27,Push Notification,Flash Sale,0,0,5000.0
MKT026,C00756,0000-00-00,Facebook Ad,Flash Sale,Yes,0,30000.0
MKT027,C00026,2025-04-29,SMS,Seasonal,1,Yes,0.0
MKT028,C00635,2025-08-29,In-app,Loyalty Reward,0,TRUE,
MKT029,C00694,2025-01-01,SMS,Holiday,0,0,30000.0
MKT030,C00645,2024-09-06,Push Notification,Birthday,0,0,10000.0
MKT031,C00452,2025-07-08,Zalo OA,Birthday,0,0,30000.0
MKT032,C00231,2025-08-02,Push Notification,Holiday,1,0,0.0
MKT033,C00185,2025-09-30,Email,Birthday,0,0,5000.0
MKT034,C00595,2025-09-22,In-app,Loyalty Reward,0,0,10000.0
MKT035,C00184,2025-09-10,Email,Birthday,1,1,0.0
MKT036,C00658,2024-04-16,SMS,New Product,0,0,
MKT037,C00448,2025-12-16,In-app,Birthday,0,0,50000.0
MKT038,C00186,2025-07-12,Zalo OA,New Product,0,0,5000.0
MKT039,C00722,2026-03-02,Facebook Ad,Flash Sale,1,1,5000.0
MKT040,C00461,2025-09-06,Email,Loyalty Reward,,0,30000.0
MKT041,C00355,2025-05-05,Push Notification,Birthday,0,0,30000.0
MKT042,C00684,2023-09-24,SMS,Seasonal,0,0,0.0
MKT043,C00432,2025-09-23,Email,Referral,Yes,0,-15000.0
MKT044,C00613,2024-09-04,Push Notification,New Product,1,0,20000.0
MKT045,C00258,2025-03-20,Push Notification,Win-back,0,0,5000.0
MKT046,C00165,2025-08-18,Zalo OA,Seasonal,0,,10000.0
MKT047,C00151,2025-10-24,In-app,Flash Sale,0,0,0.0
MKT048,C00475,2025-02-03,Zalo OA,Referral,-1,,50000.0
MKT049,C00245,2024-01-31,Email,Holiday,0,0,500000.0
MKT050,C00328,2025-07-06,SMS,New Product,1,0,50000.0
MKT001,C00769,2025-02-12,Email,Flash Sale,1,,20000.0
MKT002,C00217,2024-04-24,Zalo OA,Holiday,1,0,30000.0
MKT003,C00339,2025-12-27,Zalo OA,Seasonal,0,0,30000.0
MKT004,C00170,2025-06-21,Email,New Product,1,0,10000.0
MKT005,C00281,2025-11-15,SMS,Loyalty Reward,0,0,10000.0
MKT006,C00388,2025-12-10,In-app,Referral,0,0,50000.0
MKT007,C00292,2024-08-23,In-app,New Product,1,0,15000.0
MKT008,C00124,2024-08-03,Push Notification,Seasonal,0,0,50000.0
MKT009,C00376,2025-11-12,Zalo OA,Referral,0,0,20000.0
MKT010,C00368,2026-03-23,Facebook Ad,Referral,0,0,15000.0
MKT011,C00422,2024-02-14,In-app,New Product,0,TRUE,5000.0
MKT012,C00459,2024-07-25,Zalo OA,Win-back,1,0,50000.0
MKT013,C00263,2024-01-21,SMS,Loyalty Reward,1,0,15.0
MKT014,C00095,2025-05-31,Facebook Ad,Birthday,1,0,5000.0
MKT015,C00465,2024-02-04,Email,Win-back,1,0,0.0
MKT016,C00292,2025-08-20,Facebook Ad,Holiday,1,1,0.0
MKT017,C00559,2025-06-26,SMS,Loyalty Reward,0,0,50000.0
MKT018,C00147,2025-03-13,SMS,Birthday,0,0,0.0
MKT019,C00319,2026-01-07,Facebook Ad,Birthday,,1,
MKT020,C00090,2026-01-26,Push Notification,Referral,0,0,0.0
MKT021,C00571,2025-03-22,Zalo OA,Birthday,0,0,
MKT022,C00618,2025-06-30,SMS,Win-back,0,0,30000.0
MKT023,C00413,2024-08-23,Facebook Ad,Loyalty Reward,1,,10000.0
MKT024,C00311,2025-07-17,Zalo OA,Win-back,0,0,50000.0
MKT025,C00228,2026-03-20,In-app,Win-back,0,0,5000.0
MKT026,C00531,2025-10-02,Push Notification,Flash Sale,1,0,50000.0
MKT027,C00335,2025-10-12,Zalo OA,Loyalty Reward,,-1,30000.0
MKT028,C00189,2024-09-25,SMS,New Product,,0,0.0
MKT029,C00336,2025-11-07,Zalo OA,New Product,0,0,10000.0
MKT030,C00736,2025-12-23,In-app,Loyalty Reward,0,0,30000.0
MKT031,C00057,2025-11-17,SMS,New Product,0,0,10000.0
MKT032,C00654,2026-01-30,Email,Flash Sale,0,0,15000.0
MKT033,C00103,2025-02-04,In-app,Referral,0,0,0.0
MKT034,C00560,2025-01-30,Zalo OA,Loyalty Reward,0,0,
MKT035,C00563,0000-00-00,In-app,Holiday,0,0,0.0
MKT036,C00279,2025-09-18,Push Notification,Flash Sale,,0,5000.0
MKT037,C00697,2025-11-13,In-app,Birthday,,0,0.0
MKT038,C00533,2025-05-03,Zalo OA,Seasonal,0,0,5000.0
MKT039,C00684,2024-03-22,Facebook Ad,New Product,1,0,5000.0
MKT040,C00104,2024-05-17,Email,Referral,0,0,5000.0
MKT041,C00275,2025-07-21,SMS,New Product,0,0,30000.0
MKT042,C00506,2025-05-31,Facebook Ad,Flash Sale,0,0,0.0
MKT043,C00795,2024-06-01,Email,Referral,1,0,5000.0
MKT044,C00099,2025-10-12,SMS,New Product,1,1,0.0
MKT045,C00373,2025-10-08,Zalo OA,New Product,1,1,0.0
MKT046,C00299,2025-05-25,SMS,Seasonal,0,0,0.0
MKT047,C00497,2024-10-26,Zalo OA,Holiday,1,0,0.0
MKT048,C00036,2024-08-07,Email,New Product,1,0,0.0
MKT049,C00680,2025-01-29,Push Notification,Referral,0,0,0.0
MKT050,C00008,2023-06-18,In-app,Seasonal,0,0,30000.0
MKT001,C00386,2025-02-06,SMS,Loyalty Reward,0,0,10000.0
MKT002,C00317,2025-08-05,Facebook Ad,Holiday,1,1,0.0
MKT003,C00382,2025-06-27,Push Notification,Referral,1,0,0.0
MKT004,C00117,2026-03-05,In-app,Holiday,0,0,0.0
MKT005,C00137,2025-02-11,SMS,Flash Sale,0,0,10000.0
MKT006,C00055,2025-03-12,In-app,Flash Sale,1,0,50000.0
MKT007,C00745,2024-09-27,Facebook Ad,Seasonal,0,0,0.0
MKT008,C00210,2024-04-29,In-app,Flash Sale,0,0,0.0
MKT009,C00384,2025-07-23,SMS,Loyalty Reward,2,0,10000.0
MKT010,C00715,2025-10-13,Push Notification,Loyalty Reward,1,0,30000.0
MKT011,C00394,,SMS,Seasonal,1,0,5000.0
MKT012,C00115,2025-07-28,Push Notification,Win-back,0,0,0.0
MKT013,C00542,2024-12-16,In-app,Flash Sale,1,0,0.0
MKT014,C00768,2023-12-31,Facebook Ad,Seasonal,2,0,0.0
MKT015,C00444,2025-11-25,In-app,Referral,0,0,0.0
MKT016,C00613,2025-01-18,Facebook Ad,Referral,1,0,10000.0
MKT017,C00773,2025-12-10,Email,Loyalty Reward,0,0,0.0
MKT018,C00042,2026-02-09,Push Notification,New Product,2,0,0.0
MKT019,C00290,2024-06-29,SMS,Seasonal,0,0,50.0
MKT020,C00288,2025-08-03,Zalo OA,Birthday,1,0,15000.0
MKT021,C00003,2024-05-10,SMS,Win-back,0,0,20000.0
MKT022,C00502,2024-09-18,Push Notification,Referral,1,0,30000.0
MKT023,C00625,2024-08-23,Facebook Ad,New Product,0,0,0.0
MKT024,C00667,2025-02-03,Email,Birthday,1,0,50000.0
MKT025,C00238,2025-02-20,Email,Seasonal,0,0,30000.0
MKT026,C00168,2025-03-05,Facebook Ad,Holiday,0,0,5000.0
MKT027,C00743,2025-10-16,In-app,New Product,1,1,0.0
MKT028,C00012,2024-04-07,SMS,Win-back,1,,0.0
MKT029,C00438,2024-03-02,,Flash Sale,0,0,0.0
MKT030,C00633,2024-07-17,SMS,Win-back,0,0,0.0
MKT031,C00411,2025-04-09,In-app,Win-back,1,0,150000.0
MKT032,C00080,2024-02-12,In-app,Referral,0,0,10000.0
MKT033,C00554,NaT,Facebook Ad,Referral,TRUE,0,5000.0
MKT034,C00646,2024-01-18,Push Notification,Flash Sale,1,Yes,30000.0
MKT035,C00756,2025-12-29,Facebook Ad,Seasonal,1,0,5000.0
MKT036,C00556,2025-12-06,,Seasonal,,1,10000.0
MKT037,C00344,2025-07-06,In-app,Referral,0,0,30000.0
MKT038,C00450,2026-02-01,SMS,Win-back,1,,20000.0
MKT039,C00756,2025-04-03,Facebook Ad,Loyalty Reward,0,0,0.0
MKT040,C00461,2025-12-06,Zalo OA,Holiday,1,0,0.0
MKT041,C00133,2025-02-01,Facebook Ad,Flash Sale,0,0,10000.0
MKT042,C00721,2025-05-20,SMS,Holiday,1,0,30000.0
MKT043,C00673,2025-06-14,In-app,Loyalty Reward,0,0,0.0
MKT044,C00633,2025-06-08,In-app,Loyalty Reward,0,0,50000.0
MKT045,C00275,2025-10-03,SMS,Birthday,0,0,50000.0
MKT046,C00511,,Facebook Ad,New Product,0,0,50000.0
MKT047,C00644,2024/01/32,In-app,Flash Sale,0,0,0.0
MKT048,C00717,2024-09-10,SMS,Referral,1,0,20000.0
MKT049,C00201,2025-10-12,Push Notification,Referral,0,,10000.0
MKT050,C00547,2025-08-14,Facebook Ad,New Product,1,0,15000.0
MKT001,C00741,2025-03-07,Push Notification,Loyalty Reward,0,0,5000.0
MKT002,C00618,2025-07-09,Zalo OA,Holiday,0,0,20000.0
MKT003,C00171,2024-10-20,Push Notification,New Product,0,0,5000.0
MKT004,C00320,2025-05-21,In-app,Loyalty Reward,0,0,0.0
MKT005,C00107,2025-10-11,Email,Seasonal,1,,10000.0
MKT006,C00708,2025-01-28,SMS,Win-back,1,0,15000.0
MKT007,C00182,2024-10-18,Facebook Ad,Referral,1,1,
MKT008,C00223,2024-12-05,Push Notification,Win-back,0,0,10000.0
MKT009,C00373,2025-08-22,In-app,Win-back,0,0,5000.0
MKT010,C00278,2024-05-20,Email,Seasonal,0,,0.0
MKT011,C00479,2025-01-30,Push Notification,Win-back,0,0,15000.0
MKT012,C00490,2024-07-18,In-app,Win-back,Yes,0,0.0
MKT013,C00641,2024-08-06,Facebook Ad,Seasonal,0,0,15000.0
MKT014,C00077,2025-01-26,Push Notification,Holiday,1,0,0.0
MKT015,C00258,2025-09-08,Facebook Ad,Holiday,1,0,-0.0
MKT016,C00260,2025-07-20,Facebook Ad,Holiday,1,1,15000.0
MKT017,C00784,2025-12-03,Push Notification,New Product,0,0,0.0
MKT018,C00063,2025-06-07,Push Notification,Birthday,0,0,0.0
MKT019,C00542,2025-02-07,Facebook Ad,Loyalty Reward,0,0,5000.0
MKT020,C00050,2025-03-10,Facebook Ad,Loyalty Reward,0,0,10000.0
MKT021,C00333,2025-02-12,Email,Seasonal,0,,0.0
MKT022,C00258,2025-06-07,,Holiday,,0,50000.0
MKT023,C00656,2025-11-10,Push Notification,New Product,0,0,0.0
MKT024,C00651,2025-10-11,Email,Referral,0,0,20000.0
MKT025,C00755,2025-11-21,In-app,Flash Sale,0,0,20000.0
MKT026,C00610,2025-12-29,Push Notification,Seasonal,,0,0.0
MKT027,C00066,2026-01-24,In-app,Flash Sale,0,0,20000.0
MKT028,C00347,2025-01-29,Zalo OA,Seasonal,1,0,
MKT029,C00596,2024-08-21,,Loyalty Reward,1,1,5000.0
MKT030,C00084,2025-01-31,Email,Loyalty Reward,1,0,30000.0
MKT031,C00170,2026-03-25,Facebook Ad,Referral,0,0,50000.0
MKT032,C00233,2024-10-10,Facebook Ad,Referral,1,1,0.0
MKT033,C00271,2025-11-25,Push Notification,Loyalty Reward,0,0,
MKT034,C00038,2024-10-28,Zalo OA,Holiday,0,0,50000.0
MKT035,C00268,2025-06-23,,Seasonal,0,0,10000.0
MKT036,C00087,2026-03-19,Email,Holiday,1,-1,5000.0
MKT037,C00501,2025-07-12,Facebook Ad,Referral,0,0,0.0
MKT038,C00736,2025-10-31,Push Notification,Win-back,1,0,30000.0
MKT039,C00332,2025-07-01,SMS,Holiday,0,0,50000.0
MKT040,C00175,2024-03-24,Zalo OA,Holiday,1,0,50000.0
MKT041,C00214,2025-11-23,Zalo OA,Win-back,0,0,0.0
MKT042,C00042,2026-02-18,In-app,Seasonal,1,0,15000.0
MKT043,C00005,,SMS,Flash Sale,0,0,5000.0
MKT044,C00350,2025-10-24,SMS,Birthday,0,0,50000.0
MKT045,C00648,2026-01-04,,Referral,0,0,0.0
MKT046,C00633,2025-01-06,In-app,Holiday,0,0,
MKT047,C00018,2026-01-06,SMS,Seasonal,1,1,0.0
MKT048,C00091,2025-08-28,SMS,Referral,1,,10000.0
MKT049,C00672,2024-12-12,SMS,Win-back,,0,15000.0
MKT050,C00597,2023-11-20,Facebook Ad,New Product,0,2,15000.0
MKT001,C00416,2025-04-08,In-app,New Product,1,0,30000.0
MKT002,C00792,2026-03-24,In-app,Referral,1,,15000.0
MKT003,C00793,2024-09-28,SMS,Holiday,0,0,10000.0
MKT004,C00574,2025-07-13,In-app,Loyalty Reward,0,0,15000.0
MKT005,C00078,2024-08-08,In-app,Win-back,0,0,20000.0
MKT006,C00469,2025-11-10,Email,Seasonal,0,0,30000.0
MKT007,C00333,2025-01-16,Zalo OA,Loyalty Reward,0,0,10000.0
MKT008,C00577,2025-07-04,Facebook Ad,Referral,1,1,30000.0
MKT009,C00261,2025-06-27,Facebook Ad,Flash Sale,0,0,0.0
MKT010,C00062,2024-10-19,Push Notification,Win-back,0,0,0.0
MKT011,C00449,2024-03-22,Email,Birthday,0,0,0.0
MKT012,C00132,2024-09-25,In-app,Birthday,0,0,30000.0
MKT013,C00328,2025-10-09,In-app,Holiday,1,0,20000.0
MKT014,C00723,2024-10-31,Email,Win-back,1,0,0.0
MKT015,C00741,2024/01/32,Facebook Ad,Birthday,1,0,0.0
MKT016,C00023,2024-09-24,Email,Seasonal,1,0,50000.0
MKT017,C00614,2025-03-03,Zalo OA,Loyalty Reward,0,0,50000.0
MKT018,C00184,2024-10-15,Facebook Ad,New Product,0,0,5000.0
MKT019,C00709,2025-04-22,Facebook Ad,Seasonal,1,0,30000.0
MKT020,C00088,2025-05-04,In-app,New Product,1,TRUE,0.0
MKT021,C00517,2024-11-16,In-app,Win-back,,1,5000.0
MKT022,C00430,2025-07-27,Email,New Product,1,,0.0
MKT023,C00228,2025-11-07,In-app,Loyalty Reward,0,0,0.0
MKT024,C00033,2025-01-14,Zalo OA,Referral,0,0,30000.0
MKT025,C00469,2025-07-01,,Birthday,0,0,30000.0
MKT026,C00387,2024-08-22,,New Product,1,0,10000.0
MKT027,C00517,2024/01/32,Push Notification,New Product,1,0,15000.0
MKT028,C00791,2026-03-25,SMS,Referral,1,0,5000.0
MKT029,C00588,2025-08-20,Facebook Ad,Loyalty Reward,1,0,5000.0
MKT030,C00708,2025-02-14,Email,New Product,0,0,15000.0
MKT031,C00696,2024-12-26,Push Notification,Birthday,1,0,0.0
MKT032,C00476,2024-08-27,Email,Referral,2,0,0.0
MKT033,C00433,2024-12-19,,Seasonal,0,0,15000.0
MKT034,C00648,2026-03-06,Push Notification,Holiday,0,0,20000.0
MKT035,C00161,2024-12-01,Facebook Ad,New Product,0,0,10000.0
MKT036,C00677,2025-07-12,Facebook Ad,Holiday,0,0,5000.0
MKT037,C00056,2026-01-25,Push Notification,Holiday,1,0,0.0
MKT038,C00354,2026-01-23,Push Notification,New Product,,1,30000.0
MKT039,C00474,2024-11-13,Facebook Ad,Win-back,1,0,50000.0
MKT040,C00785,2025-05-31,Facebook Ad,Win-back,0,0,15000.0
MKT041,C00085,2025-11-29,Facebook Ad,Seasonal,0,0,10000.0
MKT042,C00322,2025-06-06,Push Notification,Win-back,0,0,20000.0
MKT043,C00258,2025-07-05,Email,Flash Sale,1,0,10000.0
MKT044,C00075,2025-03-19,In-app,Referral,-1,1,30000.0
MKT045,C00552,0000-00-00,Email,Holiday,1,0,-30000.0
MKT046,C00614,2024-09-03,Email,Win-back,0,Yes,20000.0
MKT047,C00463,2025-11-23,SMS,Referral,0,0,30000.0
MKT048,C00147,2026-02-07,Email,Loyalty Reward,0,0,50000.0
MKT049,C00715,2024-05-29,Push Notification,Seasonal,0,0,30000.0
MKT050,C00496,2024-11-16,Zalo OA,New Product,0,0,10000.0
MKT001,C00718,2024-10-17,Zalo OA,Seasonal,1,1,5000.0
MKT002,C00680,2023-10-24,Facebook Ad,Loyalty Reward,0,0,0.0
MKT003,C00395,2025-10-16,Push Notification,Loyalty Reward,0,0,30000.0
MKT004,C00354,2026-01-15,In-app,New Product,1,0,0.0
MKT005,C00779,2025-11-28,In-app,Birthday,0,0,0.0
MKT006,C00364,2023-11-13,Zalo OA,Seasonal,0,0,15000.0
MKT007,C00368,2025-03-31,Zalo OA,Referral,1,0,0.0
MKT008,C00432,2025-11-17,Facebook Ad,New Product,0,0,20000.0
MKT009,C00765,2024-10-10,Push Notification,Birthday,1,0,
MKT010,C00123,2025-05-30,SMS,New Product,1,0,15000.0
MKT011,C00426,2025-04-02,Email,Loyalty Reward,1,0,15000.0
MKT012,C00405,2024-11-07,SMS,Referral,1,1,30000.0
MKT013,C00757,2025-04-30,In-app,Referral,TRUE,0,30000.0
MKT014,C00567,2025-10-14,Facebook Ad,Referral,0,,5000.0
MKT015,C00088,2025-06-12,Email,Birthday,0,0,0.0
MKT016,C00507,2024-12-28,Facebook Ad,Loyalty Reward,1,1,0.0
MKT017,C00781,2025-11-06,Email,Referral,0,0,10000.0
MKT018,C00137,2024-09-20,SMS,Holiday,,0,10000.0
MKT019,C00416,2024-08-19,Email,Seasonal,1,0,50000.0
MKT020,C00436,2025-11-03,In-app,Flash Sale,0,0,50000.0
MKT021,C00372,2025-03-05,Zalo OA,Loyalty Reward,1,0,0.0
MKT022,C00198,2025-12-17,SMS,Birthday,1,0,30000.0
MKT023,C00466,2025-08-25,Push Notification,Loyalty Reward,0,0,50000.0
MKT024,C00317,2025-05-12,Email,Flash Sale,1,0,5000.0
MKT025,C00763,2025-01-05,SMS,Win-back,1,1,50000.0
MKT026,C00179,2025-11-13,Zalo OA,New Product,1,0,15000.0
MKT027,C00131,2025-04-29,Zalo OA,Seasonal,0,0,0.0
MKT028,C00571,2026-03-01,Email,New Product,0,0,50000.0
MKT029,C00004,2025-12-11,In-app,Birthday,0,0,50000.0
MKT030,C00683,2025-03-04,Facebook Ad,Birthday,0,0,5000.0
MKT031,C00666,2026-02-19,In-app,Loyalty Reward,1,-1,50000.0
MKT032,C00781,2024-11-11,Facebook Ad,Flash Sale,0,2,5000.0
MKT033,C00653,2024-12-02,SMS,Referral,0,0,10000.0
MKT034,C00492,2026-02-20,Zalo OA,Birthday,1,1,500000.0
MKT035,C00287,2023-12-03,Zalo OA,Flash Sale,1,0,0.0
MKT036,C00684,2025-02-27,SMS,Holiday,1,0,15000.0
MKT037,C00224,,In-app,Seasonal,0,0,5000.0
MKT038,C00160,2024-07-15,SMS,Holiday,0,0,15000.0
MKT039,C00425,2024-07-27,Push Notification,Flash Sale,0,0,5000.0
MKT040,C00056,2025-07-27,Facebook Ad,Flash Sale,0,0,30000.0
MKT041,C00069,2025-07-09,Facebook Ad,Win-back,1,0,50000.0
MKT042,C00619,2025-02-28,In-app,New Product,0,0,50000.0
MKT043,C00515,2024-09-25,In-app,Seasonal,,0,
MKT044,C00124,2025-05-08,Zalo OA,Referral,0,0,10000.0
MKT045,C00589,2024-06-09,Email,Referral,0,0,
MKT046,C00452,2025-11-29,SMS,Loyalty Reward,1,0,20000.0
MKT047,C00112,2025-08-29,In-app,Flash Sale,,0,
MKT048,C00577,2025-11-12,Facebook Ad,Win-back,0,0,5000.0
MKT049,C00688,2025-08-22,In-app,Birthday,2,0,30000.0
MKT050,C00492,2025-11-23,Email,New Product,0,0,50000.0
MKT001,C00549,2025-12-03,In-app,Flash Sale,1,0,0.0
MKT002,C00715,2025-12-05,Zalo OA,New Product,1,,0.0
MKT003,C00214,2025-09-06,Facebook Ad,New Product,0,,20000.0
MKT004,C00016,2025-01-17,Push Notification,Seasonal,0,0,0.0
MKT005,C00653,2023-10-27,Email,Birthday,0,0,
MKT006,C00420,2025-08-05,Facebook Ad,Flash Sale,,0,30000.0
MKT007,C00140,2025-01-31,SMS,New Product,1,0,50000.0
MKT008,C00563,2024-04-19,Facebook Ad,Referral,1,2,20000.0
MKT009,C00489,2025-04-25,,New Product,0,0,30000.0
MKT010,C00229,2025-02-27,,Birthday,0,0,20000.0
MKT011,C00495,2025-12-24,Facebook Ad,Flash Sale,0,0,15000.0
MKT012,C00416,2025-07-09,Push Notification,New Product,Yes,0,20000.0
MKT013,C00501,2025-03-30,Zalo OA,New Product,1,0,5000.0
MKT014,C00078,2024-11-03,Email,Birthday,0,,10000.0
MKT015,C00436,2025-12-27,Zalo OA,New Product,0,0,0.0
MKT016,C00774,2026-01-11,Zalo OA,Seasonal,0,0,
MKT017,C00165,2024-08-18,SMS,Loyalty Reward,0,0,20000.0
MKT018,C00430,2025-03-24,Facebook Ad,Flash Sale,1,0,0.0
MKT019,C00578,2026-02-12,Email,Win-back,1,1,20000.0
MKT020,C00126,2024-07-17,Zalo OA,Flash Sale,0,0,0.0
MKT021,C00027,2024-10-30,Email,Holiday,0,0,5000.0
MKT022,C00532,2026-03-11,In-app,New Product,2,0,10000.0
MKT023,C00746,2024-11-07,Facebook Ad,New Product,1,0,0.0
MKT024,C00568,2025-03-27,Facebook Ad,Birthday,1,1,20000.0
MKT025,C00510,2026-01-13,Email,Birthday,1,1,10000.0
MKT026,C00129,2025-12-17,Push Notification,Loyalty Reward,0,0,15000.0
MKT027,C00646,2024-01-24,In-app,Flash Sale,1,0,5000.0
MKT028,C00774,2025-06-03,Email,Win-back,0,0,0.0
MKT029,C00678,2025-03-29,Facebook Ad,Holiday,1,1,0.0
MKT030,C00747,2025-05-30,SMS,New Product,0,0,50000.0
MKT031,C00556,2025-09-23,Zalo OA,Referral,0,0,20000.0
MKT032,C00038,2024-08-09,In-app,Birthday,,0,0.0
MKT033,C00207,2025-04-13,Facebook Ad,Holiday,1,1,50000.0
MKT034,C00224,2025-11-04,In-app,New Product,1,Yes,0.0
MKT035,C00541,2025-06-16,In-app,New Product,1,1,30000.0
MKT036,C00723,2024-05-24,,New Product,0,,50000.0
MKT037,C00171,2024-05-20,Push Notification,Win-back,0,0,50000.0
MKT038,C00082,2025-08-03,Email,Seasonal,1,1,
MKT039,C00522,2025-02-03,Zalo OA,Holiday,1,0,30000.0
MKT040,C00074,2025-08-12,In-app,Loyalty Reward,0,0,0.0
MKT041,C00234,2026-02-08,Zalo OA,Birthday,1,0,30000.0
MKT042,C00277,2024-08-04,SMS,New Product,0,0,0.0
MKT043,C00215,2025-01-22,Zalo OA,Holiday,0,0,
MKT044,C00609,2025-08-02,Zalo OA,Loyalty Reward,1,0,
MKT045,C00332,2025-06-21,Push Notification,Referral,1,0,30000.0
MKT046,C00265,2025-02-16,Push Notification,New Product,1,0,30000.0
MKT047,C00365,2025-01-30,In-app,Win-back,0,0,10000.0
MKT048,C00695,2025-06-04,,Loyalty Reward,0,0,20000.0
MKT049,C00671,2026-03-06,,Seasonal,0,0,50000.0
MKT050,C00375,2026-01-16,Email,Birthday,0,0,20000.0
MKT001,C00488,2024-06-15,Facebook Ad,Birthday,0,0,0.0
MKT002,C00328,2026-01-11,Email,Birthday,1,0,0.0
MKT003,C00677,2025-10-04,SMS,New Product,Yes,0,0.0
MKT004,C00597,2024-06-09,In-app,Flash Sale,0,0,0.0
MKT005,C00778,2024-09-29,Zalo OA,Flash Sale,0,0,5000.0
MKT006,C00641,2025-10-29,Push Notification,Referral,0,0,5000.0
MKT007,C00705,2024-10-18,Facebook Ad,Loyalty Reward,0,0,5000.0
MKT008,C00308,2025-09-15,Zalo OA,Flash Sale,1,0,15000.0
MKT009,C00079,2025-10-01,Facebook Ad,Loyalty Reward,0,0,20000.0
MKT010,C00197,2025-11-26,SMS,Win-back,1,0,0.0
MKT011,C00476,2025-04-25,In-app,Referral,1,2,0.0
MKT012,C00733,2025-11-16,Zalo OA,Win-back,0,0,30000.0
MKT013,C00428,2026-02-24,SMS,Holiday,1,0,0.0
MKT014,C00215,2025-10-31,Zalo OA,Holiday,1,,0.0
MKT015,C00424,2024-06-30,SMS,Seasonal,Yes,,0.0
MKT016,C00184,2025-04-28,Email,Loyalty Reward,0,0,5000.0
MKT017,C00143,2026-02-27,Zalo OA,Loyalty Reward,1,0,15000.0
MKT018,C00247,2025-06-30,Facebook Ad,Birthday,1,0,10000.0
MKT019,C00350,2025-05-10,SMS,Birthday,1,0,50000.0
MKT020,C00543,2025-05-16,Email,New Product,1,0,15000.0
MKT021,C00412,2024-06-18,Facebook Ad,Loyalty Reward,1,0,20000.0
MKT022,C00487,2025-05-27,Facebook Ad,Flash Sale,0,0,10000.0
MKT023,C00458,2026-03-07,,Holiday,0,0,
MKT024,C00437,2025-09-12,In-app,Referral,0,0,0.0
MKT025,C00095,2025-01-23,Push Notification,Flash Sale,0,0,50000.0
MKT026,C00428,2026-03-10,Facebook Ad,Birthday,,0,20000.0
MKT027,C00300,2024-03-27,In-app,Loyalty Reward,1,0,5000.0
MKT028,C00021,2025-09-09,Facebook Ad,Holiday,0,0,0.0
MKT029,C00534,2025-12-17,Zalo OA,Holiday,,0,5000.0
MKT030,C00403,2024-05-30,SMS,Flash Sale,0,0,50000.0
MKT031,C00301,2023-10-16,Zalo OA,Loyalty Reward,1,1,50000.0
MKT032,C00788,2024-09-12,In-app,Referral,0,0,10000.0
MKT033,C00624,2026-01-04,Push Notification,Holiday,0,0,10000.0
MKT034,C00585,2025-04-23,SMS,Win-back,1,0,5000.0
MKT035,C00697,2024-03-28,Email,Seasonal,0,0,20000.0
MKT036,C00422,2026-03-03,SMS,Loyalty Reward,0,0,250000.0
MKT037,C00281,2025-09-16,Email,Birthday,1,0,30000.0
MKT038,C00631,2024-12-16,Push Notification,Seasonal,1,,0.0
MKT039,C00650,2025-07-06,Email,Referral,1,0,20000.0
MKT040,C00766,2026-03-08,SMS,Referral,0,0,0.0
MKT041,C00304,2025-10-01,Push Notification,Birthday,1,1,
MKT042,C00524,2025-11-09,In-app,Referral,0,0,0.0
MKT043,C00320,2025-06-16,Zalo OA,Referral,0,0,30000.0
MKT044,C00559,2025-08-07,SMS,Loyalty Reward,1,0,0.0
MKT045,C00441,2024-02-01,In-app,Win-back,0,0,0.0
MKT046,C00217,2025-05-25,Push Notification,Win-back,0,0,10000.0
MKT047,C00015,2024-12-13,In-app,Flash Sale,0,,30000.0
MKT048,C00775,2026-02-12,Email,Loyalty Reward,0,0,5000.0
MKT049,C00678,2024-11-19,In-app,Flash Sale,0,0,20000.0
MKT050,C00445,2024-07-15,SMS,New Product,1,0,0.0
MKT001,C00512,2024-12-28,Push Notification,Birthday,1,0,10000.0
MKT002,C00754,2024-10-20,Facebook Ad,Loyalty Reward,1,0,10000.0
MKT003,C00772,2025-07-29,SMS,Seasonal,1,1,15000.0
MKT004,C00670,2023-10-22,In-app,Birthday,0,0,0.0
MKT005,C00114,2025-11-06,Facebook Ad,Flash Sale,,-1,0.0
MKT006,C00162,2026-03-21,Push Notification,Flash Sale,0,0,15000.0
MKT007,C00778,2025-03-02,In-app,Loyalty Reward,0,0,10000.0
MKT008,C00768,2025-06-14,Push Notification,New Product,1,0,0.0
MKT009,C00253,2025-10-30,Push Notification,Flash Sale,0,0,0.0
MKT010,C00499,2026-01-21,SMS,New Product,0,0,50000.0
MKT011,C00289,2025-04-13,In-app,New Product,0,0,
MKT012,C00658,2024-09-19,Facebook Ad,Win-back,1,0,0.0
MKT013,C00749,2026-02-28,Facebook Ad,Flash Sale,0,0,5000.0
MKT014,C00231,2026-02-20,Push Notification,Seasonal,0,0,10000.0
MKT015,C00570,2025-05-18,In-app,Flash Sale,1,1,50000.0
MKT016,C00327,2024-01-13,Push Notification,Holiday,1,1,0.0
MKT017,C00343,2025-06-18,Email,Loyalty Reward,0,0,5000.0
MKT018,C00478,2024-09-22,Zalo OA,Win-back,1,0,10000.0
MKT019,C00264,2025-10-09,Facebook Ad,Seasonal,0,0,0.0
MKT020,C00483,2025-12-25,In-app,Flash Sale,0,0,0.0
MKT021,C00206,2025-04-28,Facebook Ad,Win-back,0,0,50000.0
MKT022,C00406,2026-01-01,SMS,Holiday,0,0,10000.0
MKT023,C00800,2026-02-08,Zalo OA,Flash Sale,0,0,30000.0
MKT024,C00139,2025-08-14,Email,Win-back,0,0,30000.0
MKT025,C00270,2024-05-09,Email,New Product,1,Yes,20000.0
MKT026,C00530,2025-04-30,SMS,Birthday,0,,0.0
MKT027,C00547,2026-01-30,Email,Win-back,0,0,5.0
MKT028,C00595,2025-08-28,Zalo OA,Flash Sale,0,0,0.0
MKT029,C00406,2026-02-09,Push Notification,Loyalty Reward,1,0,
MKT030,C00429,2025-05-23,Email,New Product,0,0,0.0
MKT031,C00438,2024-09-16,Email,Holiday,0,0,15000.0
MKT032,C00154,2026-01-30,Zalo OA,Referral,Yes,-1,10000.0
MKT033,C00161,2026-02-01,Facebook Ad,New Product,0,0,5000.0
MKT034,C00012,2025-09-16,Push Notification,New Product,0,0,15000.0
MKT035,C00139,2026-01-25,Zalo OA,Flash Sale,0,0,50000.0
MKT036,C00670,2024-08-29,Facebook Ad,Holiday,1,0,
MKT037,C00298,2025-06-16,Facebook Ad,Holiday,-1,0,10000.0
MKT038,C00467,2025-05-07,SMS,Holiday,0,0,30000.0
MKT039,C00038,2025-08-21,Facebook Ad,Flash Sale,0,0,20000.0
MKT040,C00470,2023-10-20,Push Notification,Referral,0,0,15000.0
MKT041,C00589,2025-01-11,,New Product,1,0,10000.0
MKT042,C00022,2025-02-27,Facebook Ad,Seasonal,1,0,0.0
MKT043,C00532,2025-12-07,In-app,Holiday,1,0,15000.0
MKT044,C00440,2025-11-01,Zalo OA,Loyalty Reward,,1,0.0
MKT045,C00702,2025-12-18,,Holiday,0,,0.0
MKT046,C00694,2025-07-13,Facebook Ad,Seasonal,0,0,20000.0
MKT047,C00328,2025-06-24,Push Notification,Seasonal,1,0,0.0
MKT048,C00033,2025-11-09,Zalo OA,Referral,,0,30000.0
MKT049,C00114,2025-08-30,SMS,Seasonal,1,0,50000.0
MKT050,C00148,2025-09-13,Email,Loyalty Reward,-1,0,30000.0
MKT001,C00777,2026-02-22,In-app,Loyalty Reward,0,0,10000.0
MKT002,C00592,2026-02-08,Email,Win-back,1,0,0.0
MKT003,C00737,2025-09-15,Facebook Ad,Birthday,0,Yes,15000.0
MKT004,C00198,2025-09-20,SMS,Holiday,1,0,20000.0
MKT005,C00209,2025-11-02,Zalo OA,Flash Sale,1,0,
MKT006,C00127,2026-02-14,Push Notification,Seasonal,0,0,10000.0
MKT007,C00768,2023-10-01,Push Notification,Flash Sale,1,0,30000.0
MKT008,C00379,2024-06-24,,Flash Sale,1,0,20000.0
MKT009,C00320,2025-06-07,Facebook Ad,Holiday,0,0,0.0
MKT010,C00599,2025-02-27,SMS,Birthday,,0,10000.0
MKT011,C00158,2025-06-06,Push Notification,Holiday,0,0,0.0
MKT012,C00384,2026-01-29,Facebook Ad,Holiday,0,0,5000.0
MKT013,C00421,2025-09-03,Zalo OA,Birthday,0,0,50000.0
MKT014,C00473,2025-05-31,Zalo OA,Seasonal,0,0,0.0
MKT015,C00718,2024-02-11,In-app,Loyalty Reward,0,0,15000.0
MKT016,C00664,2025-03-27,Zalo OA,Holiday,1,0,
MKT017,C00572,2024-03-15,Email,Seasonal,0,0,30000.0
MKT018,C00297,2025-05-04,Push Notification,Flash Sale,0,0,0.0
MKT019,C00359,2024-05-26,Email,Referral,Yes,1,20000.0
MKT020,C00507,2025-05-28,Email,Holiday,1,0,0.0
MKT021,C00160,2025-02-05,In-app,Holiday,0,0,0.0
MKT022,C00450,2024-02-27,Push Notification,Flash Sale,0,0,20000.0
MKT023,C00780,2025-04-20,Zalo OA,Loyalty Reward,,,0.0
MKT024,C00705,2024-10-23,In-app,Seasonal,0,0,30000.0
MKT025,C00737,2025-11-07,,Holiday,0,0,0.0
MKT026,C00148,2024-07-06,Zalo OA,New Product,1,0,0.0
MKT027,C00327,2024-10-31,Push Notification,Holiday,0,0,0.0
MKT028,C00344,2024-07-05,Zalo OA,Holiday,0,0,50000.0
MKT029,C00162,2024-08-26,Zalo OA,Flash Sale,0,0,20000.0
MKT030,C00711,2025-08-07,Push Notification,Flash Sale,1,0,0.0
MKT031,C00403,2024-05-28,Facebook Ad,Holiday,TRUE,1,5000.0
MKT032,C00096,2025-09-12,Email,Referral,1,0,20000.0
MKT033,C00450,2024-09-11,Push Notification,Flash Sale,0,0,15000.0
MKT034,C00240,2025-08-02,In-app,Seasonal,1,1,20000.0
MKT035,C00579,2025-03-14,Facebook Ad,Referral,1,0,0.0
MKT036,C00478,2026-02-12,Email,New Product,1,0,50000.0
MKT037,C00033,2025-08-15,Zalo OA,Holiday,1,1,50000.0
MKT038,C00776,2026-02-10,Push Notification,Birthday,0,0,15000.0
MKT039,C00137,NaT,Email,Birthday,1,1,15000.0
MKT040,C00510,2025-10-22,SMS,Birthday,0,0,0.0
MKT041,C00576,2026-02-19,Push Notification,Win-back,0,0,0.0
MKT042,C00130,2025-03-13,Facebook Ad,Referral,1,0,0.0
MKT043,C00326,2025-03-30,Zalo OA,New Product,0,0,15000.0
MKT044,C00442,2024-03-08,SMS,Birthday,0,0,
MKT045,C00065,2025-06-26,Facebook Ad,Holiday,0,0,15000.0
MKT046,C00078,2025-10-18,Push Notification,Birthday,1,0,5000.0
MKT047,C00069,2024-12-01,SMS,Win-back,0,0,10000.0
MKT048,C00343,2025-06-13,Facebook Ad,Holiday,2,0,200000.0
MKT049,C00705,2024-07-12,Email,Referral,1,0,10000.0
MKT050,C00700,2024-08-27,Zalo OA,Birthday,1,0,5000.0
MKT001,C00155,2025-02-11,Push Notification,Holiday,1,,0.0
MKT002,C00760,2025-03-07,Email,Win-back,1,0,50.0
MKT003,C00708,2025-02-01,Zalo OA,Seasonal,0,0,
MKT004,C00549,2025-05-07,Facebook Ad,Win-back,0,0,5000.0
MKT005,C00459,2025-11-25,Facebook Ad,Seasonal,0,0,
MKT006,C00412,2024-09-15,Facebook Ad,New Product,0,0,0.0
MKT007,C00746,2025-07-02,Push Notification,Flash Sale,0,0,15000.0
MKT008,C00671,2025-11-29,Email,New Product,1,1,5000.0
MKT009,C00290,2024-07-13,In-app,Seasonal,1,1,0.0
MKT010,C00348,2026-03-06,Push Notification,Referral,0,0,
MKT011,C00650,2024/01/32,Email,Seasonal,,0,20000.0
MKT012,C00719,2025-11-16,SMS,Seasonal,0,0,0.0
MKT013,C00298,2026-01-10,Zalo OA,Win-back,0,0,0.0
MKT014,C00518,2024-12-23,In-app,Birthday,0,0,50000.0
MKT015,C00195,2026-01-28,Push Notification,Win-back,1,0,15000.0
MKT016,C00614,2026-01-20,Facebook Ad,Loyalty Reward,1,1,0.0
MKT017,C00251,2024-12-15,Push Notification,Referral,0,0,15000.0
MKT018,C00428,2025-07-07,Email,Referral,0,0,20000.0
MKT019,C00363,2025-12-18,Facebook Ad,Seasonal,0,0,5000.0
MKT020,C00024,2025-10-16,Email,Win-back,0,0,5000.0
MKT021,C00514,2026-03-01,Push Notification,Seasonal,0,0,20000.0
MKT022,C00278,2023-08-29,SMS,Birthday,0,0,5000.0
MKT023,C00134,2025-03-18,,Holiday,0,-1,0.0
MKT024,C00278,2025-08-11,Facebook Ad,Holiday,0,0,20000.0
MKT025,C00261,2024-05-06,SMS,Birthday,0,0,
MKT026,C00502,2025-06-07,Email,Flash Sale,0,0,15000.0
MKT027,C00517,2025-06-02,Email,New Product,1,2,15000.0
MKT028,C00278,2025-11-06,SMS,Holiday,0,0,50000.0
MKT029,C00544,2025-02-20,Facebook Ad,Seasonal,TRUE,0,0.0
MKT030,C00016,2025-09-20,Zalo OA,New Product,,0,0.0
MKT031,C00380,2025-11-06,SMS,Holiday,0,0,20000.0
MKT032,C00705,2024-08-09,Email,Loyalty Reward,1,0,30000.0
MKT033,C00349,2025-01-05,In-app,Birthday,1,1,15000.0
MKT034,C00651,2026-03-16,Email,Loyalty Reward,0,0,
MKT035,C00527,2023-11-27,Zalo OA,Seasonal,0,0,0.0
MKT036,C00431,2025-08-25,Email,Loyalty Reward,0,0,20000.0
MKT037,C00677,2025-11-20,Push Notification,New Product,1,0,10000.0
MKT038,C00098,2025-09-24,Facebook Ad,Seasonal,0,0,0.0
MKT039,C00761,2025-09-16,In-app,Seasonal,0,0,50000.0
MKT040,C00442,2025-12-24,Zalo OA,Flash Sale,0,0,20.0
MKT041,C00433,2025-04-12,Push Notification,Holiday,0,0,30000.0
MKT042,C00662,2024-10-01,In-app,Seasonal,0,0,0.0
MKT043,C00678,2024-12-10,Facebook Ad,Win-back,1,0,5000.0
MKT044,C00760,2026-02-11,Zalo OA,Flash Sale,0,0,0.0
MKT045,C00658,2024-12-24,Zalo OA,Birthday,0,0,5000.0
MKT046,C00193,2025-03-24,,New Product,1,0,0.0
MKT047,C00138,2024-08-03,Zalo OA,Holiday,0,0,30000.0
MKT048,C00789,2026-01-24,Push Notification,Holiday,0,,15000.0
MKT049,C00050,2024-03-05,Facebook Ad,Birthday,0,0,0.0
MKT050,C00096,2025-11-14,Zalo OA,Flash Sale,0,0,5000.0
MKT001,C00729,,,Referral,0,0,50000.0
MKT002,C00501,2025-11-27,SMS,Flash Sale,0,0,10000.0
MKT003,C00474,2026-03-08,SMS,Birthday,,0,50000.0
MKT004,C00609,2025-01-04,Email,Referral,0,0,5000.0
MKT005,C00699,2024-02-05,SMS,Loyalty Reward,0,TRUE,0.0
MKT006,C00154,2025-06-12,Zalo OA,Holiday,,1,10000.0
MKT007,C00422,2025-04-13,Facebook Ad,Seasonal,0,0,500000.0
MKT008,C00780,2026-01-12,Email,New Product,1,0,
MKT009,C00634,2025-12-01,Push Notification,Loyalty Reward,0,0,0.0
MKT010,C00118,2025-06-06,SMS,Birthday,1,0,0.0
MKT011,C00090,2024-12-18,Zalo OA,Holiday,0,2,20000.0
MKT012,C00141,2025-08-14,Facebook Ad,Referral,1,0,15000.0
MKT013,C00300,2025-03-25,Zalo OA,Holiday,0,2,0.0
MKT014,C00725,2026-02-11,,Loyalty Reward,0,0,0.0
MKT015,C00046,2025-07-14,Email,Flash Sale,,0,0.0
MKT016,C00761,2025-09-13,Zalo OA,Referral,,0,0.0
MKT017,C00405,2024-08-06,Facebook Ad,Birthday,1,0,0.0
MKT018,C00260,2025-02-27,Email,Referral,0,0,30000.0
MKT019,C00101,2024-08-16,Email,Flash Sale,TRUE,0,10000.0
MKT020,C00647,2025-09-27,,Win-back,0,-1,
MKT021,C00675,2025-08-24,In-app,Win-back,0,0,20000.0
MKT022,C00434,2025-12-07,Facebook Ad,Win-back,0,0,
MKT023,C00204,2025-03-29,,Seasonal,0,0,30000.0
MKT024,C00128,2025-08-17,SMS,New Product,1,0,10000.0
MKT025,C00211,2024-06-09,Zalo OA,Birthday,1,0,30000.0
MKT026,C00697,2025-01-04,Push Notification,Loyalty Reward,0,0,20000.0
MKT027,C00788,2025-07-17,,Flash Sale,0,0,5000.0
MKT028,C00682,2025-06-19,Zalo OA,Seasonal,1,0,10000.0
MKT029,C00002,2025-12-13,In-app,Loyalty Reward,1,0,50000.0
MKT030,C00031,2025-01-09,Facebook Ad,Flash Sale,1,0,30000.0
MKT031,C00271,2025-06-15,Zalo OA,Holiday,0,0,10000.0
MKT032,C00486,2026-03-01,,Seasonal,0,0,30000.0
MKT033,C00123,2026-02-23,Push Notification,Referral,1,0,20000.0
MKT034,C00513,2026-03-09,Email,New Product,1,0,0.0
MKT035,C00357,2024-12-22,Facebook Ad,Birthday,0,0,0.0
MKT036,C00372,2025-09-06,In-app,Referral,0,0,30000.0
MKT037,C00212,2025-12-17,Email,Flash Sale,1,0,30000.0
MKT038,C00181,2025-07-28,Zalo OA,Referral,1,0,10000.0
MKT039,C00744,2024-11-05,Push Notification,New Product,1,0,20000.0
MKT040,C00687,2025-08-14,SMS,Holiday,1,0,15000.0
MKT041,C00404,2025-08-01,Email,Birthday,1,0,0.0
MKT042,C00645,2025-01-02,Zalo OA,New Product,0,0,0.0
MKT043,C00064,2025-03-22,Email,Flash Sale,1,1,15000.0
MKT044,C00696,2025-05-29,Zalo OA,Flash Sale,1,0,10000.0
MKT045,C00514,2025-04-28,SMS,Holiday,1,0,5000.0
MKT046,C00619,2024-10-17,Zalo OA,Loyalty Reward,0,0,15000.0
MKT047,C00595,,Zalo OA,Holiday,0,0,0.0
MKT048,C00343,2025-10-30,Facebook Ad,Flash Sale,0,0,30000.0
MKT049,C00092,2025-07-13,Facebook Ad,Referral,0,,0.0
MKT050,C00334,2025-12-24,,Flash Sale,1,0,0.0
MKT001,C00673,2025-10-20,Email,New Product,1,0,0.0
MKT002,C00401,2025-11-15,Zalo OA,Flash Sale,1,0,0.0
MKT003,C00066,2025-11-22,Facebook Ad,Win-back,0,0,0.0
MKT004,C00369,2026-03-04,Facebook Ad,Seasonal,1,1,50000.0
MKT005,C00273,2026-03-04,Email,Birthday,0,0,20000.0
MKT006,C00771,2025-11-28,Push Notification,Birthday,0,0,50000.0
MKT007,C00615,2024-03-11,SMS,Birthday,1,,50000.0
MKT008,C00503,2025-02-19,Zalo OA,New Product,0,0,0.0
MKT009,C00683,2026-01-16,In-app,Loyalty Reward,1,-1,5000.0
MKT010,C00242,2025-06-09,,Holiday,0,0,0.0
MKT011,C00384,2024-05-31,Facebook Ad,Referral,0,0,10000.0
MKT012,C00497,2025-06-18,Push Notification,Holiday,0,0,
MKT013,C00423,2025-12-31,Email,Holiday,0,0,0.0
MKT014,C00533,2023-11-16,Email,Birthday,,0,0.0
MKT015,C00539,2025-02-18,Zalo OA,Birthday,0,0,20000.0
MKT016,C00758,2026-02-09,Push Notification,Flash Sale,0,0,15000.0
MKT017,C00556,2024-06-24,Email,Referral,1,1,30000.0
MKT018,C00609,2026-01-08,Push Notification,Holiday,0,,20000.0
MKT019,C00082,2025-06-07,In-app,Referral,0,0,20000.0
MKT020,C00199,2025-01-12,,Referral,0,0,15000.0
MKT021,C00249,2025-08-27,Zalo OA,Win-back,1,,200000.0
MKT022,C00235,2025-10-14,SMS,Loyalty Reward,0,0,20000.0
MKT023,C00175,2023-11-26,Email,Birthday,0,0,0.0
MKT024,C00186,2026-01-19,In-app,Holiday,1,0,5000.0
MKT025,C00296,2025-07-23,Facebook Ad,Win-back,1,,0.0
MKT026,C00328,2025-09-26,Zalo OA,Flash Sale,1,0,30000.0
MKT027,C00657,2024-09-23,Push Notification,Holiday,1,1,30000.0
MKT028,C00242,2025-10-08,In-app,Birthday,1,0,0.0
MKT029,C00622,2024-03-21,Push Notification,Holiday,0,0,5000.0
MKT030,C00399,2025-10-09,Facebook Ad,Birthday,1,0,50000.0
MKT031,C00462,2024-07-16,Facebook Ad,Birthday,0,0,15000.0
MKT032,C00464,2025-04-23,Facebook Ad,Win-back,1,0,10000.0
MKT033,C00271,2025-12-07,Zalo OA,Seasonal,0,0,20000.0
MKT034,C00249,2026-02-19,Push Notification,Holiday,1,0,30000.0
MKT035,C00495,2025-05-13,SMS,Seasonal,0,0,0.0
MKT036,C00228,2025-01-26,Zalo OA,Birthday,0,0,20000.0
MKT037,C00075,2026-03-13,Email,Holiday,0,0,15000.0
MKT038,C00383,2025-12-26,Facebook Ad,New Product,0,0,0.0
MKT039,C00749,2026-03-23,,Flash Sale,0,0,0.0
MKT040,C00332,2024-03-18,Email,Holiday,2,0,
MKT041,C00389,2025-04-18,Email,Birthday,,0,0.0
MKT042,C00586,2025-03-20,Zalo OA,Loyalty Reward,1,1,30000.0
MKT043,C00106,2024-02-05,SMS,Flash Sale,0,0,20000.0
MKT044,C00345,2025-09-26,SMS,Birthday,0,0,30000.0
MKT045,C00322,2025-12-20,Email,Referral,0,0,0.0
MKT046,C00516,2026-03-06,Facebook Ad,Referral,,0,0.0
MKT047,C00538,2026-03-01,In-app,Birthday,0,0,150000.0
MKT048,C00517,2025-05-15,,New Product,1,0,30000.0
MKT049,C00436,2025-04-03,Zalo OA,Holiday,0,TRUE,5000.0
MKT050,C00595,2025-10-14,SMS,Referral,0,0,20000.0
MKT001,C00422,2025-08-07,Facebook Ad,Holiday,0,0,50000.0
MKT002,C00334,2025-05-29,Email,Win-back,0,0,10000.0
MKT003,C00373,2025-07-21,,Referral,0,0,0.0
MKT004,C00625,2024-08-07,Email,Holiday,,0,5000.0
MKT005,C00728,2025-09-06,Zalo OA,Birthday,-1,0,0.0
MKT006,C00460,2024-02-10,Email,Birthday,1,0,10000.0
MKT007,C00687,2025-09-28,Email,Seasonal,0,0,30000.0
MKT008,C00453,2025-04-17,,Holiday,0,0,0.0
MKT009,C00285,2025-11-13,Facebook Ad,Holiday,1,1,0.0
MKT010,C00519,2026-03-19,In-app,Birthday,1,0,5000.0
MKT011,C00708,2026-01-01,Zalo OA,Birthday,1,1,30000.0
MKT012,C00146,2025-11-25,Push Notification,Flash Sale,1,0,30000.0
MKT013,C00759,2024-06-08,Email,Referral,1,0,20000.0
MKT014,C00460,2023-10-31,Facebook Ad,Seasonal,0,,15000.0
MKT015,C00398,2025-03-04,Email,Loyalty Reward,0,0,30000.0
MKT016,C00534,0000-00-00,Facebook Ad,Loyalty Reward,1,0,0.0
MKT017,C00296,2025-09-29,Email,Holiday,1,1,5000.0
MKT018,C00003,2026-02-16,SMS,Flash Sale,0,0,50000.0
MKT019,C00381,2025-05-05,In-app,New Product,1,0,20000.0
MKT020,C00798,2026-01-26,Email,Referral,0,0,30000.0
MKT021,C00166,2025-03-14,Push Notification,Referral,0,,0.0
MKT022,C00409,2025-06-11,Push Notification,Birthday,0,0,30000.0
MKT023,C00250,2025-08-13,,Holiday,1,0,30000.0
MKT024,C00675,2025-06-19,,Flash Sale,0,0,0.0
MKT025,C00337,2026-03-01,Facebook Ad,Seasonal,0,0,0.0
MKT026,C00644,2025-09-13,Facebook Ad,Holiday,0,,0.0
MKT027,C00217,2025-04-07,Push Notification,Holiday,0,0,0.0
MKT028,C00048,2025-01-16,Email,Win-back,1,0,0.0
MKT029,C00379,2025-08-24,Push Notification,New Product,,0,0.0
MKT030,C00416,2024-08-20,Email,Referral,0,0,0.0
MKT031,C00089,2025-11-28,Zalo OA,Seasonal,,0,5000.0
MKT032,C00664,2023-08-11,Zalo OA,Birthday,0,,0.0
MKT033,C00044,2024-12-29,In-app,Loyalty Reward,1,0,0.0
MKT034,C00642,2025-02-08,Facebook Ad,Flash Sale,0,0,20000.0
MKT035,C00318,2025-12-09,Zalo OA,Birthday,1,,50000.0
MKT036,C00042,2025-02-22,Zalo OA,New Product,0,0,50000.0
MKT037,C00223,2024-09-25,SMS,Win-back,0,0,15000.0
MKT038,C00334,2025-11-22,Email,Holiday,0,0,0.0
MKT039,C00537,2025-07-12,Push Notification,Loyalty Reward,1,1,10000.0
MKT040,C00279,2025-10-10,Facebook Ad,Referral,0,0,20000.0
MKT041,C00720,2026-01-11,Email,Flash Sale,0,0,
MKT042,C00366,2025-11-19,In-app,Flash Sale,0,0,10000.0
MKT043,C00719,2026-01-20,SMS,Birthday,0,0,0.0
MKT044,C00309,2025-12-02,Email,Holiday,,0,0.0
MKT045,C00579,2025-08-10,SMS,Seasonal,0,0,30000.0
MKT046,C00015,2026-02-23,Zalo OA,Referral,0,0,50000.0
MKT047,C00575,2025-10-10,SMS,Win-back,0,0,20000.0
MKT048,C00618,2025-11-15,Email,Seasonal,1,1,20000.0
MKT049,C00259,2024-10-26,Zalo OA,Loyalty Reward,0,0,15000.0
MKT050,C00450,2023-11-12,Zalo OA,Seasonal,1,0,0.0
MKT001,C00452,2026-02-16,SMS,Loyalty Reward,0,0,15000.0
MKT002,C00511,2026-02-03,Push Notification,Holiday,0,0,10000.0
MKT003,C00373,2025-07-18,In-app,Holiday,0,0,0.0
MKT004,C00478,2024-12-01,Email,Birthday,0,0,30000.0
MKT005,C00097,NaT,Zalo OA,Seasonal,1,0,
MKT006,C00789,2026-01-22,Email,Win-back,1,0,10000.0
MKT007,C00785,2024-09-27,Push Notification,Loyalty Reward,1,TRUE,20000.0
MKT008,C00757,2025-03-29,Push Notification,Win-back,0,0,0.0
MKT009,C00676,2026-02-12,Email,New Product,0,0,30000.0
MKT010,C00572,2024-05-10,Zalo OA,Referral,0,0,0.0
MKT011,C00022,2024-05-19,SMS,Holiday,0,0,5000.0
MKT012,C00609,2024-09-04,Push Notification,Loyalty Reward,0,,30000.0
MKT013,C00687,2025-04-08,Zalo OA,Win-back,0,0,0.0
MKT014,C00319,2024-11-05,Push Notification,Flash Sale,0,0,0.0
MKT015,C00446,2024-01-19,SMS,Birthday,1,1,15000.0
MKT016,C00350,2024-10-27,SMS,Referral,0,0,0.0
MKT017,C00091,2025-12-26,In-app,Birthday,1,1,15000.0
MKT018,C00075,2025-01-04,Push Notification,Win-back,0,0,0.0
MKT019,C00644,2025-06-11,Push Notification,Flash Sale,0,0,15000.0
MKT020,C00412,2025-12-07,Email,Win-back,0,0,50000.0
MKT021,C00177,2024-11-24,Zalo OA,Seasonal,0,0,0.0
MKT022,C00401,2024-10-31,SMS,New Product,1,0,
MKT023,C00543,2025-03-08,SMS,Loyalty Reward,0,0,20000.0
MKT024,C00482,2025-11-29,Zalo OA,Loyalty Reward,1,1,30000.0
MKT025,C00458,2025-11-12,Zalo OA,Birthday,0,0,50000.0
MKT026,C00521,2025-02-16,Push Notification,Referral,0,0,50000.0
MKT027,C00458,2025-12-07,Facebook Ad,Loyalty Reward,0,0,10000.0
MKT028,C00275,2025-10-28,,Holiday,1,1,15000.0
MKT029,C00653,2025-02-20,In-app,Referral,1,0,20000.0
MKT030,C00517,2025-10-17,Email,Birthday,0,0,50000.0
MKT031,C00415,2026-01-06,In-app,New Product,TRUE,0,0.0
MKT032,C00033,2024-07-23,In-app,New Product,,0,0.0
MKT033,C00496,2024-10-22,SMS,New Product,1,0,5000.0
MKT034,C00205,2026-03-09,In-app,Seasonal,1,-1,50000.0
MKT035,C00017,2025-04-29,Facebook Ad,Flash Sale,0,0,0.0
MKT036,C00256,2024-07-28,Email,New Product,0,,50000.0
MKT037,C00542,2026-01-28,Push Notification,New Product,,2,0.0
MKT038,C00113,2025-10-27,In-app,New Product,0,0,30000.0
MKT039,C00558,2025-04-17,SMS,Win-back,0,0,0.0
MKT040,C00326,2024-05-15,Zalo OA,Flash Sale,1,0,-50000.0
MKT041,C00431,2025-02-07,Email,Win-back,1,0,20000.0
MKT042,C00039,2026-01-09,In-app,Loyalty Reward,0,0,0.0
MKT043,C00319,2025-07-09,Facebook Ad,Loyalty Reward,0,0,0.0
MKT044,C00345,2026-03-21,SMS,Referral,0,0,0.0
MKT045,C00795,2024-11-25,Email,Flash Sale,1,0,50000.0
MKT046,C00297,2025-02-04,Facebook Ad,Holiday,1,0,0.0
MKT047,C00405,2025-09-09,Facebook Ad,Seasonal,0,Yes,0.0
MKT048,C00578,2026-01-27,SMS,Referral,,0,50000.0
MKT049,C00406,2025-03-01,Zalo OA,Seasonal,1,0,20000.0
MKT050,C00571,2026-02-26,Email,Win-back,0,0,0.0
MKT001,C00454,2025-10-26,Email,Holiday,0,0,0.0
MKT002,C00288,2025-10-05,SMS,Flash Sale,0,0,0.0
MKT003,C00027,2024-11-09,In-app,Referral,1,0,0.0
MKT004,C00408,NaT,In-app,Loyalty Reward,0,0,10000.0
MKT005,C00505,2025-08-24,In-app,Holiday,0,0,
MKT006,C00734,2025-12-15,Email,New Product,0,0,0.0
MKT007,C00473,2026-03-13,SMS,Loyalty Reward,1,0,5000.0
MKT008,C00178,2025-12-12,In-app,Loyalty Reward,0,0,15000.0
MKT009,C00263,2023-12-13,In-app,New Product,1,0,50000.0
MKT010,C00701,2026-02-12,Push Notification,Win-back,1,0,5000.0
MKT011,C00657,2024-12-05,Push Notification,Birthday,0,0,10000.0
MKT012,C00466,2025-03-07,Facebook Ad,Loyalty Reward,1,0,10000.0
MKT013,C00772,2024-07-17,Facebook Ad,New Product,0,0,30000.0
MKT014,C00359,2026-01-08,,Flash Sale,0,0,10000.0
MKT015,C00345,2025-10-22,Push Notification,Flash Sale,0,0,0.0
MKT016,C00760,2025-11-02,Email,Flash Sale,0,0,25000.0
MKT017,C00119,2024-10-08,SMS,Birthday,1,0,50000.0
MKT018,C00003,2024-02-28,Push Notification,Referral,1,1,20000.0
MKT019,C00271,2025-01-18,Email,Seasonal,1,0,5000.0
MKT020,C00214,2025-03-03,SMS,Loyalty Reward,1,0,20000.0
MKT021,C00056,2026-01-16,In-app,Win-back,1,0,0.0
MKT022,C00779,2025-05-28,SMS,New Product,TRUE,0,0.0
MKT023,C00389,2024-07-24,SMS,New Product,1,0,0.0
MKT024,C00008,2026-01-31,Facebook Ad,Win-back,1,0,15000.0
MKT025,C00477,2025-06-30,Facebook Ad,Birthday,1,0,0.0
MKT026,C00568,2026-02-12,Email,Flash Sale,0,0,15000.0
MKT027,C00423,2025-05-12,SMS,Birthday,0,0,0.0
MKT028,C00428,2025-07-05,Email,Holiday,0,0,
MKT029,C00245,2024-02-26,Email,Loyalty Reward,1,1,0.0
MKT030,C00540,,Email,Flash Sale,0,0,20000.0
MKT031,C00425,2025-06-23,SMS,New Product,1,0,15000.0
MKT032,C00457,2025-12-09,Facebook Ad,Flash Sale,1,0,15000.0
MKT033,C00483,2026-01-01,In-app,Holiday,1,1,30000.0
MKT034,C00711,2025-12-06,Push Notification,Holiday,1,0,50000.0
MKT035,C00640,2026-02-27,Facebook Ad,Seasonal,2,0,
MKT036,C00747,2025-06-08,Push Notification,Seasonal,1,0,
MKT037,C00069,2024-11-12,Email,Loyalty Reward,0,0,10000.0
MKT038,C00719,2026-03-03,Push Notification,Referral,1,0,30000.0
MKT039,C00223,2025-10-14,Zalo OA,Seasonal,0,0,30000.0
MKT040,C00732,2024-01-31,Email,Referral,0,0,20000.0
MKT041,C00612,2025-10-04,Push Notification,Flash Sale,0,0,50000.0
MKT042,C00361,2026-01-17,SMS,Win-back,0,0,0.0
MKT043,C00126,2025-11-17,Email,Holiday,1,0,0.0
MKT044,C00397,2024-05-16,Email,Seasonal,0,0,0.0
MKT045,C00689,2025-10-14,Email,Seasonal,1,1,30000.0
MKT046,C00167,2026-03-19,Facebook Ad,Referral,1,0,15000.0
MKT047,C00433,2023-12-07,In-app,Birthday,1,0,10000.0
MKT048,C00133,2025-10-09,In-app,Holiday,0,,50000.0
MKT049,C00153,2024-11-23,Push Notification,New Product,,0,10000.0
MKT050,C00781,2024-01-25,Email,Seasonal,1,,10000.0
MKT001,C00485,2025-04-20,Zalo OA,Loyalty Reward,0,0,10000.0
MKT002,C00771,2025-01-04,Email,Referral,1,0,10000.0
MKT003,C00130,2024-11-12,Zalo OA,Win-back,0,0,20000.0
MKT004,C00057,2026-03-16,Facebook Ad,Birthday,0,0,0.0
MKT005,C00643,2024-10-09,SMS,Win-back,0,0,
MKT006,C00401,2024-09-03,Push Notification,Referral,1,0,10000.0
MKT007,C00333,2025-03-14,Push Notification,Birthday,1,0,0.0
MKT008,C00441,NaT,Email,Seasonal,1,0,5000.0
MKT009,C00488,2025-08-02,In-app,Win-back,1,1,20000.0
MKT010,C00761,2025-10-25,In-app,Flash Sale,0,0,30000.0
MKT011,C00557,2026-03-12,Zalo OA,Birthday,1,0,30000.0
MKT012,C00766,2024-07-01,Facebook Ad,New Product,1,,0.0
MKT013,C00281,2026-03-25,In-app,Win-back,0,0,10000.0
MKT014,C00501,2025-11-20,SMS,Birthday,1,0,30000.0
MKT015,C00255,2026-02-03,,Birthday,1,0,0.0
MKT016,C00372,2024-11-21,In-app,Holiday,1,0,15000.0
MKT017,C00050,2023-11-23,SMS,Holiday,0,0,0.0
MKT018,C00085,2026-02-16,Zalo OA,Holiday,1,0,10000.0
MKT019,C00660,2026-02-10,SMS,Flash Sale,0,0,15000.0
MKT020,C00742,2025-07-06,Facebook Ad,Loyalty Reward,1,0,50000.0
MKT021,C00070,2024-10-30,SMS,Referral,0,0,20000.0
MKT022,C00518,2025-09-02,In-app,Loyalty Reward,0,0,10000.0
MKT023,C00079,2025-01-27,Push Notification,Flash Sale,1,0,20000.0
MKT024,C00182,2024-12-29,,Flash Sale,0,0,50000.0
MKT025,C00546,2025-07-14,Zalo OA,New Product,0,0,0.0
MKT026,C00781,2023-12-23,Email,Holiday,0,0,15000.0
MKT027,C00618,2025-07-11,SMS,New Product,1,0,5000.0
MKT028,C00084,2025-06-22,Zalo OA,Loyalty Reward,0,0,15000.0
MKT029,C00003,2025-07-30,SMS,Birthday,0,0,20000.0
MKT030,C00127,2025-06-30,In-app,Seasonal,0,TRUE,10000.0
MKT031,C00095,2025-06-06,Zalo OA,Holiday,0,0,5000.0
MKT032,C00148,2024-05-26,SMS,Holiday,0,0,10000.0
MKT033,C00185,2024-12-09,Push Notification,Loyalty Reward,0,0,0.0
MKT034,C00624,2025-02-04,Zalo OA,Win-back,1,0,0.0
MKT035,C00379,2025-10-15,Facebook Ad,Win-back,0,0,0.0
MKT036,C00351,2026-01-27,Facebook Ad,Loyalty Reward,0,0,15000.0
MKT037,C00232,2024/01/32,Email,Birthday,0,0,15000.0
MKT038,C00706,2026-02-01,Zalo OA,Holiday,0,0,5000.0
MKT039,C00405,2025-08-03,Zalo OA,New Product,0,0,30000.0
MKT040,C00600,2026-01-10,In-app,Seasonal,TRUE,0,20000.0
MKT041,C00698,2026-03-08,Email,New Product,1,0,15000.0
MKT042,C00107,2026-02-03,Email,New Product,0,0,5000.0
MKT043,C00052,2023-09-17,SMS,Birthday,0,0,0.0
MKT044,C00183,2025-03-31,Facebook Ad,Win-back,0,0,
MKT045,C00795,2024-10-16,Email,Loyalty Reward,0,0,5000.0
MKT046,C00143,0000-00-00,Email,Holiday,TRUE,0,5000.0
MKT047,C00537,2025-09-02,Zalo OA,Flash Sale,0,0,10000.0
MKT048,C00213,2026-01-02,SMS,Holiday,0,,0.0
MKT049,C00540,2025-12-29,,New Product,0,0,30.0
MKT050,C00633,2024-10-04,Zalo OA,Loyalty Reward,1,0,0.0
MKT001,C00385,2025-06-25,Facebook Ad,New Product,0,0,30000.0
MKT002,C00070,2024-05-16,Email,Holiday,0,0,50000.0
MKT003,C00309,2025-12-20,Facebook Ad,New Product,0,0,50000.0
MKT004,C00004,2025-12-12,In-app,Holiday,0,0,5000.0
MKT005,C00557,2025-05-07,Email,Win-back,,1,10000.0
MKT006,C00406,,Push Notification,Win-back,0,0,0.0
MKT007,C00451,2025-04-26,Email,Flash Sale,0,0,15000.0
MKT008,C00239,2024-09-04,Facebook Ad,Loyalty Reward,1,0,5000.0
MKT009,C00271,2025-12-03,Facebook Ad,Flash Sale,1,1,50000.0
MKT010,C00184,2025-07-17,Facebook Ad,Birthday,0,0,0.0
MKT011,C00140,2026-03-22,Facebook Ad,Loyalty Reward,1,0,15000.0
MKT012,C00528,2026-01-30,Zalo OA,Seasonal,0,0,15000.0
MKT013,C00437,2024-04-18,SMS,New Product,-1,0,0.0
MKT014,C00457,NaT,Zalo OA,Holiday,TRUE,0,0.0
MKT015,C00661,2026-01-30,SMS,New Product,Yes,0,0.0
MKT016,C00103,2024-06-09,In-app,Seasonal,0,0,0.0
MKT017,C00605,2025-01-10,Email,New Product,0,0,30.0
MKT018,C00211,2024-02-05,Push Notification,Flash Sale,0,0,5000.0
MKT019,C00500,2026-02-07,SMS,Holiday,1,0,5000.0
MKT020,C00029,2024-12-07,Facebook Ad,Loyalty Reward,0,,0.0
MKT021,C00015,2025-10-07,Email,Holiday,0,0,0.0
MKT022,C00099,2025-04-04,Zalo OA,Win-back,,0,0.0
MKT023,C00306,2025-11-11,SMS,Birthday,1,0,15000.0
MKT024,C00063,2025-08-07,SMS,Flash Sale,0,0,15000.0
MKT025,C00734,2025-07-15,Zalo OA,Seasonal,0,0,0.0
MKT026,C00025,2026-01-05,In-app,Flash Sale,0,0,15000.0
MKT027,C00489,2026-02-25,Facebook Ad,Flash Sale,0,0,5000.0
MKT028,C00322,2025-03-21,Email,Referral,1,0,50000.0
MKT029,C00766,2025-02-14,In-app,Holiday,1,0,
MKT030,C00799,2025-12-24,Email,Birthday,1,0,10000.0
MKT031,C00057,2026-01-06,Push Notification,Birthday,0,0,20000.0
MKT032,C00496,2025-07-26,Email,Seasonal,1,0,20000.0
MKT033,C00662,2025-03-31,,New Product,0,0,0.0
MKT034,C00025,2025-05-06,In-app,Seasonal,0,0,10000.0
MKT035,C00035,2026-01-27,Email,Referral,0,0,30000.0
MKT036,C00020,2025-04-01,Push Notification,Referral,0,0,15000.0
MKT037,C00317,2025-08-14,Email,Win-back,1,1,0.0
MKT038,C00024,2025-12-26,Push Notification,Win-back,0,0,30000.0
MKT039,C00395,2025-09-11,Zalo OA,Birthday,1,0,0.0
MKT040,C00370,2024-04-26,Facebook Ad,Loyalty Reward,1,0,10000.0
MKT041,C00406,2024-06-28,Email,New Product,1,0,50000.0
MKT042,C00041,,In-app,Seasonal,0,0,0.0
MKT043,C00520,2024-07-05,Email,Referral,0,0,15000.0
MKT044,C00182,2025-06-20,Facebook Ad,Seasonal,0,0,15000.0
MKT045,C00580,2025-11-13,Push Notification,Flash Sale,1,1,30000.0
MKT046,C00073,2025-06-23,In-app,Win-back,1,0,30000.0
MKT047,C00496,2025-11-13,Email,Flash Sale,0,0,5000.0
MKT048,C00796,2024-01-07,Email,Holiday,,0,20000.0
MKT049,C00484,2024-07-18,Zalo OA,Seasonal,0,0,20000.0
MKT050,C00523,2025-06-09,Push Notification,Birthday,1,0,50000.0
MKT001,C00622,2026-02-07,Email,New Product,1,0,
MKT002,C00521,2026-01-15,SMS,Holiday,1,2,0.0
MKT003,C00279,2025-11-04,Zalo OA,Loyalty Reward,0,0,
MKT004,C00767,2025-12-14,Email,Win-back,,0,
MKT005,C00543,2025-11-04,Email,Flash Sale,0,0,10000.0
MKT006,C00394,2026-02-11,Push Notification,Referral,0,0,5000.0
MKT007,C00594,2025-10-09,Facebook Ad,Holiday,0,0,50000.0
MKT008,C00019,2025-03-10,Zalo OA,Referral,0,,30000.0
MKT009,C00429,2025-05-09,,New Product,0,0,30000.0
MKT010,C00544,2024-06-11,Push Notification,Seasonal,1,0,0.0
MKT011,C00551,2025-07-29,Facebook Ad,Holiday,0,,10000.0
MKT012,C00453,2026-02-21,Zalo OA,Referral,,0,0.0
MKT013,C00709,2025-05-13,Facebook Ad,New Product,0,0,15000.0
MKT014,C00168,2025-05-31,In-app,New Product,1,0,0.0
MKT015,C00460,2026-01-31,Email,Birthday,0,0,20000.0
MKT016,C00771,2025-11-14,In-app,Birthday,1,1,20000.0
MKT017,C00752,2024-08-13,In-app,Referral,0,0,30000.0
MKT018,C00048,2025-06-12,,Holiday,0,0,30000.0
MKT019,C00114,2024-09-06,Zalo OA,Holiday,0,Yes,0.0
MKT020,C00139,2026-02-14,Push Notification,Win-back,1,1,10000.0
MKT021,C00633,2024-07-08,Facebook Ad,Birthday,,2,30000.0
MKT022,C00332,2025-03-13,In-app,New Product,0,0,30000.0
MKT023,C00265,2024-11-12,Facebook Ad,Win-back,0,0,15000.0
MKT024,C00345,2025-12-12,In-app,Holiday,0,0,20000.0
MKT025,C00771,2025-10-03,In-app,Win-back,1,0,0.0
MKT026,C00004,2025-10-24,Push Notification,New Product,1,0,0.0
MKT027,C00703,2024-05-18,In-app,Holiday,0,0,0.0
MKT028,C00541,2026-01-12,SMS,Holiday,0,0,20000.0
MKT029,C00586,2025-11-13,Zalo OA,Flash Sale,0,0,50000.0
MKT030,C00596,2024-10-21,In-app,Referral,,0,20000.0
MKT031,C00024,2025-07-22,Facebook Ad,Flash Sale,0,0,0.0
MKT032,C00797,2026-01-18,Push Notification,Win-back,0,TRUE,50000.0
MKT033,C00177,2026-02-23,Push Notification,New Product,0,0,15000.0
MKT034,C00048,2025-09-01,Zalo OA,Seasonal,0,0,20000.0
MKT035,C00364,2025-01-15,,Win-back,0,0,0.0
MKT036,C00285,2025-02-09,Push Notification,Seasonal,0,0,
MKT037,C00399,2026-03-17,Push Notification,Flash Sale,0,0,30000.0
MKT038,C00178,2025-12-31,Zalo OA,Seasonal,1,1,15000.0
MKT039,C00438,2024-12-09,Zalo OA,Loyalty Reward,0,0,5000.0
MKT040,C00055,2025-05-05,SMS,New Product,1,0,
MKT041,C00755,2024-04-12,Zalo OA,Win-back,1,0,5000.0
MKT042,C00183,2025-09-23,In-app,Loyalty Reward,0,-1,10000.0
MKT043,C00639,2024-01-24,Email,Referral,0,0,15000.0
MKT044,C00626,2025-05-15,Facebook Ad,Win-back,1,0,-20000.0
MKT045,C00270,2024-08-18,SMS,Holiday,1,1,0.0
MKT046,C00270,2024-12-14,Email,Seasonal,0,0,0.0
MKT047,C00029,2025-03-17,Facebook Ad,Flash Sale,0,0,15000.0
MKT048,C00618,2025-03-12,In-app,Win-back,0,0,0.0
MKT049,C00223,2024-09-26,Facebook Ad,New Product,0,0,30000.0
MKT050,C00366,2026-02-25,Push Notification,Loyalty Reward,0,0,-50000.0
MKT001,C00513,2025-07-29,SMS,Win-back,1,0,50000.0
MKT002,C00646,2024-09-17,In-app,Loyalty Reward,,1,30000.0
MKT003,C00487,2025-02-27,Email,Holiday,0,0,5000.0
MKT004,C00077,2025-03-20,Push Notification,Birthday,0,0,5000.0
MKT005,C00162,2025-10-05,SMS,Win-back,0,0,10000.0
MKT006,C00692,2025-10-01,Zalo OA,Holiday,1,0,30000.0
MKT007,C00604,2025-10-02,In-app,Win-back,0,-1,0.0
MKT008,C00176,2025-02-07,Zalo OA,Loyalty Reward,0,,50000.0
MKT009,C00500,2025-01-29,Facebook Ad,Referral,0,0,0.0
MKT010,C00054,2024-06-12,In-app,Loyalty Reward,0,0,20000.0
MKT011,C00636,2025-07-02,Push Notification,Seasonal,1,0,15000.0
MKT012,C00498,2023-09-11,Email,Loyalty Reward,0,0,0.0
MKT013,C00293,2025-09-08,Zalo OA,Seasonal,1,0,0.0
MKT014,C00138,2025-01-10,Zalo OA,Flash Sale,1,0,0.0
MKT015,C00433,2025-02-16,Email,Win-back,0,0,20000.0
MKT016,C00228,2025-04-26,SMS,Birthday,1,1,5000.0
MKT017,C00065,2025-06-27,Push Notification,Win-back,1,1,15000.0
MKT018,C00406,2024-09-30,Email,New Product,0,0,30000.0
MKT019,C00059,2024-04-05,In-app,Seasonal,0,0,30000.0
MKT020,C00282,2025-03-13,Push Notification,Referral,1,0,0.0
MKT021,C00512,2024-11-11,In-app,Holiday,1,1,5000.0
MKT022,C00465,2024-05-15,Zalo OA,Flash Sale,0,0,0.0
MKT023,C00006,2025-03-12,Zalo OA,Loyalty Reward,0,0,0.0
MKT024,C00565,2024-07-20,SMS,Win-back,0,,0.0
MKT025,C00001,2024-08-17,Push Notification,Referral,1,0,20000.0
MKT026,C00055,2026-01-07,Email,Win-back,0,0,5000.0
MKT027,C00350,2024-09-13,Zalo OA,Seasonal,0,0,0.0
MKT028,C00571,2025-03-31,Email,Win-back,0,0,15000.0
MKT029,C00054,2025-04-10,Email,Seasonal,0,0,15000.0
MKT030,C00626,2026-02-05,SMS,Holiday,0,0,20000.0
MKT031,C00615,2024-04-27,In-app,Win-back,0,0,30000.0
MKT032,C00497,2025-07-22,,Win-back,0,0,50000.0
MKT033,C00341,2024-04-21,Push Notification,Loyalty Reward,1,0,0.0
MKT034,C00318,2025-07-22,Zalo OA,Win-back,0,0,50000.0
MKT035,C00425,2024-08-13,Zalo OA,Birthday,0,0,10000.0
MKT036,C00109,2025-03-27,Email,Seasonal,1,0,10000.0
MKT037,C00576,2024-12-03,Push Notification,Flash Sale,0,0,0.0
MKT038,C00582,2025-10-01,Zalo OA,Flash Sale,0,0,50000.0
MKT039,C00175,2024-12-14,Zalo OA,Birthday,0,0,0.0
MKT040,C00269,2026-03-05,Push Notification,Loyalty Reward,1,0,10000.0
MKT041,C00785,2025-10-21,In-app,Flash Sale,0,0,50000.0
MKT042,C00552,NaT,Push Notification,Seasonal,1,1,
MKT043,C00449,2025-07-09,SMS,Referral,0,0,50000.0
MKT044,C00259,2025-11-04,,Flash Sale,0,0,10000.0
MKT045,C00147,2025-04-09,Facebook Ad,Seasonal,0,0,10000.0
MKT046,C00154,2024-07-27,Zalo OA,Seasonal,0,0,30000.0
MKT047,C00670,2023-10-17,Email,Win-back,0,0,5000.0
MKT048,C00437,2025-01-25,In-app,New Product,0,0,30000.0
MKT049,C00401,2024-07-23,Push Notification,Win-back,0,0,0.0
MKT050,C00471,2024-07-08,Zalo OA,Referral,1,1,
MKT001,C00083,2025-12-19,In-app,Flash Sale,1,,0.0
MKT002,C00460,2025-01-03,SMS,Win-back,0,,15000.0
MKT003,C00372,2025-06-03,Zalo OA,Holiday,1,0,0.0
MKT004,C00444,2025-12-07,In-app,Loyalty Reward,1,1,
MKT005,C00567,2024-12-26,Push Notification,New Product,1,0,0.0
MKT006,C00651,2025-08-20,SMS,Birthday,1,1,
MKT007,C00548,2025-07-13,Zalo OA,Win-back,,0,0.0
MKT008,C00537,2026-01-09,Email,Birthday,1,0,10000.0
MKT009,C00294,2024-12-17,Zalo OA,Flash Sale,0,0,0.0
MKT010,C00181,2025-10-25,SMS,Flash Sale,1,0,50000.0
MKT011,C00222,2024-05-11,Facebook Ad,Flash Sale,0,0,0.0
MKT012,C00367,2025-12-28,Email,Referral,0,0,0.0
MKT013,C00735,2026-01-22,In-app,New Product,0,0,30000.0
MKT014,C00064,2025-02-20,Facebook Ad,Birthday,0,0,0.0
MKT015,C00326,2025-03-17,Zalo OA,Seasonal,0,0,20000.0
MKT016,C00723,2024-05-01,Zalo OA,Birthday,0,0,50000.0
MKT017,C00407,2026-03-10,Zalo OA,Flash Sale,0,0,0.0
MKT018,C00800,2025-08-11,Zalo OA,Holiday,0,0,
MKT019,C00148,2023-09-17,SMS,Birthday,0,0,10000.0
MKT020,C00369,2024-11-09,Push Notification,Flash Sale,0,0,30000.0
MKT021,C00573,2024-12-18,,Holiday,0,0,0.0
MKT022,C00549,2024/01/32,Push Notification,Seasonal,0,0,0.0
MKT023,C00053,2025-05-13,Push Notification,Win-back,0,0,50000.0
MKT024,C00295,2025-11-18,Email,Win-back,1,1,20000.0
MKT025,C00064,2026-01-24,In-app,Referral,0,0,0.0
MKT026,C00726,2026-02-19,In-app,Holiday,0,0,0.0
MKT027,C00394,2025-11-02,In-app,New Product,0,0,30000.0
MKT028,C00382,2025-05-18,Facebook Ad,Flash Sale,,0,15000.0
MKT029,C00766,2025-01-13,SMS,Holiday,1,0,
MKT030,C00591,2024-10-11,Zalo OA,Win-back,0,0,15000.0
MKT031,C00117,2023-06-14,Email,Birthday,0,0,0.0
MKT032,C00122,2026-03-12,Push Notification,Holiday,0,0,15000.0
MKT033,C00306,2024-11-19,Facebook Ad,Flash Sale,,0,50000.0
MKT034,C00290,2025-10-18,Facebook Ad,Loyalty Reward,,,50000.0
MKT035,C00334,2024-06-20,Push Notification,Birthday,0,0,5000.0
MKT036,C00189,2024-09-09,Facebook Ad,Birthday,0,0,0.0
MKT037,C00328,2025-05-13,Email,New Product,0,,15000.0
MKT038,C00161,2025-01-22,Facebook Ad,Holiday,1,0,15000.0
MKT039,C00014,2025-04-23,Facebook Ad,Seasonal,1,TRUE,50000.0
MKT040,C00651,2025-07-13,,Seasonal,0,0,10000.0
MKT041,C00105,2024-08-11,,Holiday,0,0,
MKT042,C00648,2025-03-23,In-app,Birthday,0,0,0.0
MKT043,C00340,2025-06-22,SMS,New Product,0,0,0.0
MKT044,C00485,2024-11-22,,Win-back,0,0,30000.0
MKT045,C00232,2025-06-29,SMS,Flash Sale,0,0,0.0
MKT046,C00691,2024-09-05,Facebook Ad,Flash Sale,0,0,20000.0
MKT047,C00053,2025-12-03,Zalo OA,Seasonal,1,0,0.0
MKT048,C00309,2026-02-18,SMS,Holiday,0,0,5000.0
MKT049,C00625,2025-05-10,SMS,Birthday,0,0,50000.0
MKT050,C00072,2024-11-01,Zalo OA,Win-back,0,0,5000.0
MKT001,C00442,2024-09-05,,New Product,0,0,0.0
MKT002,C00674,2026-03-10,Push Notification,Win-back,0,0,15000.0
MKT003,C00431,,Facebook Ad,Birthday,1,1,0.0
MKT004,C00301,2025-08-22,Email,Holiday,1,,50000.0
MKT005,C00593,2026-01-30,SMS,Flash Sale,0,0,0.0
MKT006,C00204,2025-07-15,SMS,New Product,1,0,50000.0
MKT007,C00538,2025-09-21,Email,Loyalty Reward,1,0,15000.0
MKT008,C00028,2025-11-30,SMS,Holiday,0,0,0.0
MKT009,C00265,2024-02-23,SMS,Referral,0,0,-20000.0
MKT010,C00440,2025-05-12,Zalo OA,Loyalty Reward,0,0,20000.0
MKT011,C00044,2024-08-07,Zalo OA,Referral,0,-1,20000.0
MKT012,C00208,2025-08-11,Zalo OA,New Product,1,1,50000.0
MKT013,C00060,2026-03-23,SMS,New Product,0,0,5000.0
MKT014,C00045,2025-09-16,Facebook Ad,Loyalty Reward,1,0,10000.0
MKT015,C00476,2024-05-31,Zalo OA,Birthday,0,0,0.0
MKT016,C00537,2025-10-09,Facebook Ad,Referral,1,1,5000.0
MKT017,C00414,2025-09-05,In-app,Loyalty Reward,-1,0,50000.0
MKT018,C00665,2024-01-23,Facebook Ad,Referral,0,,0.0
MKT019,C00015,0000-00-00,Facebook Ad,Seasonal,0,0,0.0
MKT020,C00499,2025-07-31,Push Notification,Loyalty Reward,1,0,50000.0
MKT021,C00689,2025-09-08,Zalo OA,Seasonal,1,0,30000.0
MKT022,C00612,2025-07-15,Email,Holiday,0,0,30000.0
MKT023,C00009,2025-06-16,SMS,Win-back,1,1,50000.0
MKT024,C00743,2025-12-24,Push Notification,Win-back,0,0,10000.0
MKT025,C00544,2025-02-08,Push Notification,New Product,0,0,5000.0
MKT026,C00262,2025-10-28,In-app,Holiday,0,0,0.0
MKT027,C00397,2024-04-21,Facebook Ad,Flash Sale,1,1,20000.0
MKT028,C00721,2026-02-10,Push Notification,Flash Sale,0,0,15000.0
MKT029,C00656,2026-02-11,Push Notification,New Product,0,0,0.0
MKT030,C00544,2025-08-05,In-app,New Product,0,0,30000.0
MKT031,C00537,2026-02-03,In-app,New Product,,0,30000.0
MKT032,C00110,2025-12-29,Facebook Ad,Holiday,0,0,0.0
MKT033,C00295,2024-07-22,Zalo OA,Seasonal,1,0,5000.0
MKT034,C00647,2025-08-26,,Seasonal,1,1,30000.0
MKT035,C00685,2024-12-05,Push Notification,Holiday,0,0,10000.0
MKT036,C00740,2024-03-01,Facebook Ad,Loyalty Reward,1,1,30000.0
MKT037,C00232,2025-12-24,Facebook Ad,Holiday,1,,20000.0
MKT038,C00446,2023-10-08,Email,Holiday,0,0,50000.0
MKT039,C00281,2025-11-04,Email,Birthday,,1,30000.0
MKT040,C00460,2024-10-17,SMS,Seasonal,0,0,30000.0
MKT041,C00524,NaT,Push Notification,Loyalty Reward,0,0,15000.0
MKT042,C00352,2026-02-10,Facebook Ad,Referral,1,0,20000.0
MKT043,C00466,2025-12-12,Zalo OA,Loyalty Reward,1,0,0.0
MKT044,C00736,2026-02-15,Email,Referral,0,0,0.0
MKT045,C00102,2026-01-17,SMS,Holiday,1,1,5000.0
MKT046,C00571,2026-02-17,,New Product,0,0,0.0
MKT047,C00208,2025-09-04,,Referral,0,0,0.0
MKT048,C00159,2025-09-29,Facebook Ad,Referral,0,0,0.0
MKT049,C00577,2025-07-03,Email,New Product,0,0,15000.0
MKT050,C00412,2025-10-14,Facebook Ad,Win-back,1,0,5000.0
MKT001,C00503,2025-03-18,Facebook Ad,Loyalty Reward,0,0,20000.0
MKT002,C00150,2025-04-08,Email,Referral,0,0,0.0
MKT003,C00054,2024-08-19,Push Notification,Referral,1,0,0.0
MKT004,C00600,2026-01-07,Email,Seasonal,1,0,0.0
MKT005,C00049,2024-10-07,Push Notification,Birthday,0,0,
MKT006,C00348,2026-02-18,Email,Flash Sale,0,0,0.0
MKT007,C00486,2025-10-23,Zalo OA,Loyalty Reward,0,0,30000.0
MKT008,C00745,2026-01-29,SMS,Flash Sale,0,0,15000.0
MKT009,C00186,2025-01-31,Facebook Ad,Holiday,1,0,5000.0
MKT010,C00058,2025-04-17,Zalo OA,Birthday,1,0,20000.0
MKT011,C00584,2024-01-14,In-app,Referral,1,0,0.0
MKT012,C00121,2025-12-26,Push Notification,Flash Sale,1,0,0.0
MKT013,C00367,2023-09-22,SMS,Loyalty Reward,0,0,30000.0
MKT014,C00431,2025-12-15,Facebook Ad,Win-back,1,0,100000.0
MKT015,C00347,2025-02-07,,Flash Sale,0,0,15000.0
MKT016,C00198,2026-02-03,In-app,Win-back,0,0,0.0
MKT017,C00084,2025-01-16,Facebook Ad,Birthday,1,0,5000.0
MKT018,C00735,2025-07-29,Zalo OA,Birthday,0,,15000.0
MKT019,C00614,2026-03-24,Push Notification,Loyalty Reward,0,0,0.0
MKT020,C00267,2025-03-19,Push Notification,Loyalty Reward,0,0,50000.0
MKT021,C00756,2025-05-20,Email,Seasonal,0,0,20000.0
MKT022,C00281,2025-08-09,In-app,Loyalty Reward,1,0,30000.0
MKT023,C00469,2024-12-23,SMS,New Product,1,0,0.0
MKT024,C00608,2024-11-21,Zalo OA,Holiday,1,0,10000.0
MKT025,C00725,2025-09-25,Zalo OA,Holiday,0,0,0.0
MKT026,C00269,2026-01-20,In-app,Win-back,0,0,30000.0
MKT027,C00154,2025-12-25,Email,Flash Sale,1,0,20000.0
MKT028,C00462,2026-03-19,Email,Flash Sale,0,0,0.0
MKT029,C00611,2024-12-06,Push Notification,Loyalty Reward,2,0,50000.0
MKT030,C00170,2025-03-24,Push Notification,Loyalty Reward,1,0,0.0
MKT031,C00132,2024-09-12,Facebook Ad,Birthday,0,0,30000.0
MKT032,C00794,2026-02-01,Email,Flash Sale,1,0,15000.0
MKT033,C00659,2025-03-11,Facebook Ad,Seasonal,0,0,15000.0
MKT034,C00786,2026-01-10,Push Notification,New Product,0,0,10000.0
MKT035,C00695,2025-01-05,Email,Loyalty Reward,0,0,5000.0
MKT036,C00294,2026-03-19,Zalo OA,Flash Sale,1,1,50000.0
MKT037,C00791,2025-10-08,SMS,Seasonal,,0,5000.0
MKT038,C00606,2025-07-28,SMS,Birthday,0,0,30000.0
MKT039,C00553,2025-08-31,Push Notification,Birthday,0,0,0.0
MKT040,C00761,2025-10-02,In-app,Seasonal,0,0,0.0
MKT041,C00536,2025-04-12,Email,Loyalty Reward,0,,20000.0
MKT042,C00316,2024-02-04,Email,Birthday,1,0,10000.0
MKT043,C00269,2025-11-11,Facebook Ad,New Product,2,0,30000.0
MKT044,C00651,2025-06-28,Push Notification,Flash Sale,0,0,30000.0
MKT045,C00026,2025-06-29,In-app,Flash Sale,0,0,20000.0
MKT046,C00134,2025-12-14,SMS,Win-back,1,0,5000.0
MKT047,C00134,2025-06-26,Email,Holiday,0,0,50000.0
MKT048,C00054,2025-10-09,,New Product,1,,30000.0
MKT049,C00619,0000-00-00,In-app,Birthday,0,0,0.0
MKT050,C00718,2024-02-19,Facebook Ad,Referral,0,0,5000.0
MKT001,C00399,2025-06-03,Push Notification,Birthday,0,0,10000.0
MKT002,C00275,2026-02-28,Facebook Ad,New Product,0,0,50000.0
MKT003,C00372,2026-03-18,SMS,Loyalty Reward,0,0,20000.0
MKT004,C00151,2025-08-07,Push Notification,Seasonal,1,0,15000.0
MKT005,C00618,2025-08-13,Push Notification,Holiday,1,0,50000.0
MKT006,C00759,2024-08-20,Push Notification,New Product,0,0,5000.0
MKT007,C00210,0000-00-00,SMS,Seasonal,0,0,5000.0
MKT008,C00657,2025-10-22,Zalo OA,Seasonal,0,0,
MKT009,C00768,2026-02-21,Push Notification,Flash Sale,0,0,0.0
MKT010,C00116,2023-09-12,Email,Loyalty Reward,0,0,30000.0
MKT011,C00542,2025-03-13,Facebook Ad,Birthday,0,0,50000.0
MKT012,C00687,2025-12-08,Email,Loyalty Reward,1,,15000.0
MKT013,C00233,2026-03-23,Zalo OA,New Product,1,0,0.0
MKT014,C00629,2025-02-13,Zalo OA,Referral,1,1,5000.0
MKT015,C00175,2025-02-23,Facebook Ad,Loyalty Reward,0,0,30000.0
MKT016,C00294,2026-01-06,SMS,Loyalty Reward,0,0,20000.0
MKT017,C00528,2025-09-27,SMS,Seasonal,0,0,0.0
MKT018,C00765,2024-09-10,SMS,Holiday,1,0,0.0
MKT019,C00673,2025-08-13,In-app,Seasonal,1,0,10000.0
MKT020,C00667,2024-09-08,Push Notification,Seasonal,0,,20000.0
MKT021,C00676,2025-05-14,Facebook Ad,Referral,0,0,0.0
MKT022,C00649,2025-05-20,Email,Loyalty Reward,0,0,30000.0
MKT023,C00458,2024-11-10,Zalo OA,New Product,0,0,20000.0
MKT024,C00541,2024-01-20,Email,Birthday,,,0.0
MKT025,C00555,2025-06-21,Email,New Product,1,0,
MKT026,C00669,2025-07-07,Email,Holiday,0,0,15000.0
MKT027,C00593,2025-11-15,Zalo OA,Referral,,0,0.0
MKT028,C00635,2026-02-24,Zalo OA,Referral,0,0,0.0
MKT029,C00095,2025-08-08,Push Notification,Flash Sale,1,0,0.0
MKT030,C00002,2025-10-25,Push Notification,Holiday,0,0,20000.0
MKT031,C00712,2026-01-02,In-app,Referral,0,0,15000.0
MKT032,C00764,2025-08-07,,Holiday,0,0,30000.0
MKT033,C00309,2026-01-12,,Birthday,,1,0.0
MKT034,C00771,2025-01-14,Push Notification,Referral,1,1,0.0
MKT035,C00121,2025-12-07,,Seasonal,0,0,
MKT036,C00343,2026-01-20,Email,Birthday,1,0,5000.0
MKT037,C00795,2024-10-25,Zalo OA,Seasonal,1,0,20000.0
MKT038,C00153,2024-08-21,In-app,Referral,1,,0.0
MKT039,C00361,2025-02-06,Email,Referral,0,0,20000.0
MKT040,C00125,2025-03-01,Zalo OA,Flash Sale,1,0,15000.0
MKT041,C00591,2025-01-31,Facebook Ad,Holiday,1,0,30000.0
MKT042,C00624,2025-02-24,Push Notification,Referral,,0,30000.0
MKT043,C00034,2025-09-13,Facebook Ad,Holiday,0,0,10000.0
MKT044,C00631,2026-03-13,Facebook Ad,New Product,1,1,0.0
MKT045,C00526,2025-08-24,Push Notification,Holiday,,0,30000.0
MKT046,C00577,2025-09-22,SMS,Win-back,0,0,
MKT047,C00467,2025-09-18,In-app,Referral,0,0,50.0
MKT048,C00704,2024-11-21,Push Notification,Loyalty Reward,0,0,5000.0
MKT049,C00013,2025-03-23,Zalo OA,Seasonal,2,0,
MKT050,C00264,2026-02-09,Email,Seasonal,1,0,
MKT001,C00780,2025-06-06,SMS,Seasonal,,0,0.0
MKT002,C00336,2025-01-14,Facebook Ad,Seasonal,0,0,10000.0
MKT003,C00019,2024-04-17,SMS,Win-back,0,0,20000.0
MKT004,C00316,2025-06-19,Email,New Product,0,0,30000.0
MKT005,C00082,2025-08-01,In-app,Loyalty Reward,1,0,5000.0
MKT006,C00677,2025-04-20,Zalo OA,New Product,0,0,30000.0
MKT007,C00552,2025-11-12,Facebook Ad,Seasonal,1,0,15000.0
MKT008,C00109,2025-10-24,Facebook Ad,Flash Sale,1,1,0.0
MKT009,C00283,2025-03-17,Push Notification,Referral,,0,10000.0
MKT010,C00289,2025-08-06,Facebook Ad,Seasonal,1,0,15000.0
MKT011,C00101,2025-03-17,SMS,Holiday,0,,50000.0
MKT012,C00579,2025-01-17,In-app,Seasonal,0,0,0.0
MKT013,C00445,2025-10-14,Email,Referral,0,0,0.0
MKT014,C00656,2024-12-22,,Win-back,0,0,0.0
MKT015,C00440,2025-11-06,In-app,Referral,0,0,0.0
MKT016,C00106,2025-09-17,SMS,Win-back,0,0,0.0
MKT017,C00003,2026-02-11,Email,Flash Sale,0,0,15000.0
MKT018,C00759,2025-04-29,Push Notification,Flash Sale,0,0,10000.0
MKT019,C00639,2025-02-24,In-app,Birthday,,0,30000.0
MKT020,C00181,2023-08-25,Email,Birthday,1,1,0.0
MKT021,C00765,2025-03-03,Email,Holiday,0,0,15000.0
MKT022,C00604,2026-01-03,Push Notification,Win-back,1,1,30000.0
MKT023,C00430,2026-02-26,Facebook Ad,Win-back,0,0,15000.0
MKT024,C00519,2025-05-31,Facebook Ad,Flash Sale,1,0,0.0
MKT025,C00011,2025-06-19,Facebook Ad,Loyalty Reward,,0,0.0
MKT026,C00454,2025-11-21,Zalo OA,Flash Sale,TRUE,,50000.0
MKT027,C00336,2024-08-27,SMS,Referral,0,,50000.0
MKT028,C00177,2025-09-21,Push Notification,Birthday,0,0,10000.0
MKT029,C00204,2025-07-25,Email,New Product,1,0,50000.0
MKT030,C00649,2025-02-18,Push Notification,Holiday,,0,20000.0
MKT031,C00617,2026-02-23,Email,New Product,1,0,50000.0
MKT032,C00782,2025-08-06,SMS,Loyalty Reward,,0,5000.0
MKT033,C00482,2024-09-10,SMS,Holiday,0,0,5000.0
MKT034,C00121,2024/01/32,Push Notification,Loyalty Reward,0,0,5000.0
MKT035,C00151,2024-07-17,In-app,New Product,1,1,15000.0
MKT036,C00760,2025-12-17,Zalo OA,Birthday,0,0,20000.0
MKT037,C00170,2023-08-24,SMS,Birthday,0,0,0.0
MKT038,C00013,2026-02-24,Push Notification,Flash Sale,1,0,
MKT039,C00531,2026-01-16,Email,Holiday,,0,50000.0
MKT040,C00164,2025-11-14,Facebook Ad,Holiday,1,0,0.0
MKT041,C00591,2025-08-09,SMS,Birthday,2,0,50000.0
MKT042,C00475,2025-04-14,Facebook Ad,Flash Sale,0,0,15000.0
MKT043,C00361,2025-03-13,SMS,Referral,0,0,0.0
MKT044,C00774,2024-10-21,Zalo OA,Birthday,0,0,
MKT045,C00066,2025-09-15,Zalo OA,Flash Sale,1,1,
MKT046,C00308,2024-12-21,Push Notification,Holiday,0,0,30000.0
MKT047,C00346,2025-10-25,Facebook Ad,Referral,0,0,5000.0
MKT048,C00754,2024-11-08,Facebook Ad,Holiday,1,0,0.0
MKT049,C00538,2025-10-29,Facebook Ad,Seasonal,1,1,0.0
MKT050,C00722,2025-08-27,,Referral,0,0,15000.0
MKT001,C00464,2025-09-02,In-app,Holiday,0,0,20000.0
MKT002,C00277,2024-06-06,Push Notification,Referral,1,1,0.0
MKT003,C00174,2024-02-13,In-app,New Product,0,0,10000.0
MKT004,C00791,2025-07-25,,Referral,0,0,0.0
MKT005,C00215,2025-02-16,Facebook Ad,Referral,0,Yes,0.0
MKT006,C00747,2025-11-17,In-app,New Product,0,0,10000.0
MKT007,C00349,2024-05-25,,New Product,0,0,50000.0
MKT008,C00738,2026-03-22,Facebook Ad,Referral,1,0,0.0
MKT009,C00314,2025-02-09,Push Notification,Holiday,0,0,0.0
MKT010,C00769,2025-03-07,SMS,Flash Sale,0,0,15000.0
MKT011,C00386,2025-01-24,In-app,Referral,,0,0.0
MKT012,C00324,2023-11-18,Zalo OA,Win-back,0,0,0.0
MKT013,C00144,2025-07-26,Facebook Ad,Flash Sale,1,0,50000.0
MKT014,C00527,2025-10-30,Zalo OA,Flash Sale,0,0,50000.0
MKT015,C00071,2025-07-02,Push Notification,Loyalty Reward,0,0,5000.0
MKT016,C00721,2025-02-06,Facebook Ad,Flash Sale,1,0,-50000.0
MKT017,C00666,2025-03-27,Push Notification,Win-back,0,0,10000.0
MKT018,C00215,2026-03-24,Email,New Product,0,0,0.0
MKT019,C00442,2026-02-15,Zalo OA,Referral,,0,5000.0
MKT020,C00573,2024/01/32,Email,Seasonal,0,0,50000.0
MKT021,C00057,2025-12-05,In-app,New Product,1,0,0.0
MKT022,C00790,2025-12-10,Zalo OA,Birthday,0,0,20000.0
MKT023,C00525,2025-05-14,Facebook Ad,Flash Sale,1,0,0.0
MKT024,C00539,2026-02-15,Zalo OA,Loyalty Reward,Yes,0,0.0
MKT025,C00731,2024-06-19,,Birthday,1,1,30000.0
MKT026,C00317,2025-04-06,SMS,Seasonal,1,1,0.0
MKT027,C00074,2026-02-27,Email,Win-back,1,0,0.0
MKT028,C00721,2025-04-02,Push Notification,Seasonal,0,0,0.0
MKT029,C00546,2024-05-12,Push Notification,Seasonal,1,1,20000.0
MKT030,C00353,2026-02-15,Zalo OA,Seasonal,-1,2,50000.0
MKT031,C00581,2024-03-15,SMS,Seasonal,0,0,0.0
MKT032,C00020,2025-04-05,In-app,Loyalty Reward,0,0,15000.0
MKT033,C00066,2025-10-15,SMS,Loyalty Reward,0,0,5000.0
MKT034,C00557,2025-04-06,,Loyalty Reward,1,0,0.0
MKT035,C00580,2025-10-06,Email,Win-back,0,0,0.0
MKT036,C00077,2025-07-26,Zalo OA,Seasonal,0,0,5000.0
MKT037,C00413,2025-11-11,Zalo OA,Loyalty Reward,0,0,0.0
MKT038,C00648,2025-07-21,,Flash Sale,0,0,20000.0
MKT039,C00754,2025-03-12,Push Notification,New Product,0,0,5000.0
MKT040,C00212,2023-12-29,SMS,Referral,1,0,0.0
MKT041,C00334,2024-07-13,Push Notification,Referral,1,0,0.0
MKT042,C00497,NaT,Push Notification,Seasonal,0,0,15000.0
MKT043,C00103,2024-11-06,,Referral,0,0,30000.0
MKT044,C00208,,Facebook Ad,Loyalty Reward,0,0,10000.0
MKT045,C00001,2025-04-12,Push Notification,Referral,1,0,20000.0
MKT046,C00346,2025-08-04,SMS,Referral,0,0,5000.0
MKT047,C00677,2025-04-15,SMS,New Product,0,0,0.0
MKT048,C00603,2025-07-03,Facebook Ad,Win-back,1,1,0.0
MKT049,C00402,2025-12-22,Push Notification,Flash Sale,0,0,0.0
MKT050,C00731,2025-01-05,In-app,Seasonal,0,0,10000.0
MKT001,C00401,2024-04-11,Email,New Product,0,0,10000.0
MKT002,C00787,2025-10-17,Push Notification,Win-back,0,,20000.0
MKT003,C00761,2025-09-04,In-app,Flash Sale,1,0,0.0
MKT004,C00219,2024-11-21,Email,Flash Sale,1,0,20000.0
MKT005,C00762,2025-01-02,Push Notification,Flash Sale,Yes,0,30000.0
MKT006,C00352,2026-03-06,Facebook Ad,Loyalty Reward,0,0,20000.0
MKT007,C00473,2025-09-15,Push Notification,Referral,0,0,0.0
MKT008,C00401,2024-09-21,In-app,Win-back,0,,5000.0
MKT009,C00751,2025-09-03,Zalo OA,Holiday,0,0,0.0
MKT010,C00011,2024-05-05,Facebook Ad,Holiday,1,0,0.0
MKT011,C00031,2024-07-04,In-app,Birthday,0,0,5000.0
MKT012,C00292,2025-07-02,Email,Win-back,0,0,10000.0
MKT013,C00147,2026-03-13,Zalo OA,Seasonal,0,0,30000.0
MKT014,C00303,2025-01-19,Facebook Ad,Birthday,1,0,15000.0
MKT015,C00016,2026-03-20,Facebook Ad,Flash Sale,1,1,
MKT016,C00737,2025-09-14,Push Notification,Referral,1,1,10000.0
MKT017,C00139,2025-09-20,Facebook Ad,Win-back,0,0,5000.0
MKT018,C00423,2024-05-19,Email,Loyalty Reward,1,0,10000.0
MKT019,C00332,2025-12-17,Push Notification,Referral,,0,10000.0
MKT020,C00453,2025-03-16,Zalo OA,Flash Sale,0,0,30000.0
MKT021,C00303,2025-10-22,SMS,Loyalty Reward,1,0,15000.0
MKT022,C00174,2024-12-30,SMS,Seasonal,0,0,5000.0
MKT023,C00261,2024-02-11,SMS,Loyalty Reward,0,0,50000.0
MKT024,C00029,2025-08-27,Push Notification,Win-back,1,1,0.0
MKT025,C00099,2025-06-10,Zalo OA,Flash Sale,0,0,15000.0
MKT026,C00790,2025-08-28,Facebook Ad,Seasonal,,0,30000.0
MKT027,C00193,2024-12-30,In-app,Referral,1,0,0.0
MKT028,C00027,2026-03-25,In-app,Birthday,1,0,20000.0
MKT029,C00112,NaT,,Win-back,0,0,20000.0
MKT030,C00285,2025-07-18,Zalo OA,Referral,0,0,10000.0
MKT031,C00475,2025-08-31,Push Notification,Flash Sale,0,-1,50000.0
MKT032,C00268,2025-12-16,In-app,Win-back,,-1,5000.0
MKT033,C00588,2026-03-10,Email,Loyalty Reward,1,0,50000.0
MKT034,C00443,2024-06-06,Push Notification,Seasonal,,0,10000.0
MKT035,C00245,2025-07-19,Push Notification,Birthday,0,0,0.0
MKT036,C00012,2024-06-24,In-app,Referral,0,0,15000.0
MKT037,C00578,2026-02-18,Email,Flash Sale,0,0,15000.0
MKT038,C00191,2025-08-08,Email,Birthday,0,0,5000.0
MKT039,C00016,2025-07-19,,New Product,2,,0.0
MKT040,C00233,2025-11-15,Zalo OA,Holiday,1,1,30000.0
MKT041,C00412,2024-10-19,,Seasonal,0,0,0.0
MKT042,C00337,2026-02-28,Email,Holiday,0,0,0.0
MKT043,C00617,2025-09-27,Push Notification,Birthday,1,0,10000.0
MKT044,C00026,2025-08-06,Email,Win-back,0,0,5000.0
MKT045,C00523,2026-02-26,SMS,Win-back,0,0,5000.0
MKT046,C00120,2025-11-05,Push Notification,Referral,TRUE,0,30000.0
MKT047,C00435,2025-10-02,Zalo OA,Loyalty Reward,0,0,20000.0
MKT048,C00185,2025-10-17,SMS,Loyalty Reward,1,0,10000.0
MKT049,C00234,2025-08-30,In-app,Seasonal,1,0,0.0
MKT050,C00335,2025-07-16,In-app,Seasonal,0,-1,10000.0
MKT001,C00065,2025-09-14,Zalo OA,Referral,1,1,50000.0
MKT002,C00668,2025-07-24,Facebook Ad,Holiday,,0,20000.0
MKT003,C00712,2024-12-17,In-app,Referral,0,0,0.0
MKT004,C00363,2025-08-12,Facebook Ad,Seasonal,0,0,30000.0
MKT005,C00008,2024-12-03,In-app,New Product,1,1,30000.0
MKT006,C00257,2025-07-21,,Seasonal,1,1,5000.0
MKT007,C00078,2024-11-17,Push Notification,Holiday,TRUE,1,0.0
MKT008,C00448,2025-01-22,,Seasonal,0,0,10000.0
MKT009,C00473,2025-03-10,Zalo OA,Holiday,1,1,5000.0
MKT010,C00751,2024-08-24,Push Notification,Birthday,1,0,20000.0
MKT011,C00313,2024-04-29,Zalo OA,Birthday,1,1,0.0
MKT012,C00415,2025-09-26,In-app,Flash Sale,0,0,0.0
MKT013,C00559,2026-02-12,Facebook Ad,Win-back,0,0,5000.0
MKT014,C00562,2023-12-10,Push Notification,Holiday,1,0,50000.0
MKT015,C00754,2024-11-30,Zalo OA,Flash Sale,0,0,50000.0
MKT016,C00543,2025-12-13,Push Notification,Seasonal,0,0,50000.0
MKT017,C00701,2024-11-27,In-app,Loyalty Reward,0,0,10000.0
MKT018,C00292,2024-12-17,SMS,Referral,0,0,0.0
MKT019,C00479,2025-01-25,Email,Holiday,0,,5000.0
MKT020,C00783,2025-08-29,Email,Win-back,0,0,5000.0
MKT021,C00707,2026-01-14,SMS,Loyalty Reward,1,0,5000.0
MKT022,C00533,2023-08-18,SMS,Flash Sale,1,1,50000.0
MKT023,C00757,2025-03-14,In-app,Seasonal,0,0,20000.0
MKT024,C00294,2024-10-20,Zalo OA,New Product,1,1,50000.0
MKT025,C00708,2025-08-24,SMS,New Product,0,0,30000.0
MKT026,C00665,2025-10-22,In-app,Seasonal,1,0,50000.0
MKT027,C00077,2025-09-26,In-app,Loyalty Reward,0,0,15000.0
MKT028,C00705,2025-09-24,Email,New Product,1,0,20000.0
MKT029,C00499,2026-01-23,Facebook Ad,Win-back,1,1,0.0
MKT030,C00744,2026-02-09,Email,Loyalty Reward,0,0,50000.0
MKT031,C00505,2025-10-07,Zalo OA,Loyalty Reward,0,0,100000.0
MKT032,C00708,2025-03-25,Email,Flash Sale,0,0,15000.0
MKT033,C00712,2025-05-25,Zalo OA,Holiday,0,0,50000.0
MKT034,C00077,2026-03-11,Zalo OA,New Product,0,0,50000.0
MKT035,C00337,2025-11-26,Email,Loyalty Reward,0,0,0.0
MKT036,C00459,2025-02-16,,New Product,1,0,15000.0
MKT037,C00251,2025-12-11,In-app,Loyalty Reward,0,0,5000.0
MKT038,C00795,2024-01-27,In-app,Win-back,0,0,50000.0
MKT039,C00425,2026-03-08,In-app,Loyalty Reward,1,0,5000.0
MKT040,C00054,2025-07-06,Email,Seasonal,0,0,10000.0
MKT041,C00395,2025-06-13,Push Notification,Seasonal,0,0,0.0
MKT042,C00575,2025-07-01,SMS,Flash Sale,1,0,50000.0
MKT043,C00207,2025-08-03,Push Notification,Birthday,1,0,20000.0
MKT044,C00191,2025-12-05,Facebook Ad,Referral,0,0,0.0
MKT045,C00492,2025-05-15,SMS,Holiday,0,0,30000.0
MKT046,C00418,2025-08-13,SMS,Birthday,0,0,0.0
MKT047,C00723,2025-01-15,Facebook Ad,Flash Sale,0,0,20000.0
MKT048,C00369,NaT,Facebook Ad,Win-back,,0,5000.0
MKT049,C00426,2025-06-02,Zalo OA,Birthday,0,0,20000.0
MKT050,C00800,2025-12-20,Zalo OA,Holiday,1,1,30000.0
MKT001,C00732,2025-04-21,SMS,Win-back,0,0,15000.0
MKT002,C00518,2025-09-22,Facebook Ad,New Product,1,0,-30000.0
MKT003,C00299,2026-02-16,SMS,New Product,0,0,20000.0
MKT004,C00039,2025-08-20,SMS,Birthday,1,0,20000.0
MKT005,C00509,2025-04-04,Facebook Ad,Loyalty Reward,1,0,15000.0
MKT006,C00602,2025-03-05,Zalo OA,Seasonal,0,0,0.0
MKT007,C00240,2025-10-25,SMS,Win-back,0,0,0.0
MKT008,C00229,2025-11-27,In-app,Flash Sale,0,0,
MKT009,C00220,2024-10-07,Facebook Ad,Flash Sale,1,1,50000.0
MKT010,C00749,2025-07-17,Facebook Ad,Referral,1,1,0.0
MKT011,C00630,2025-04-10,Email,Holiday,0,0,50000.0
MKT012,C00212,2026-02-22,SMS,Win-back,1,1,0.0
MKT013,C00171,2025-09-06,Facebook Ad,Win-back,0,0,0.0
MKT014,C00368,2024-01-23,Push Notification,Holiday,1,0,15000.0
MKT015,C00374,2024-10-18,In-app,Loyalty Reward,1,,50000.0
MKT016,C00073,2025-12-20,Zalo OA,Flash Sale,0,,15000.0
MKT017,C00404,2025-08-10,Zalo OA,New Product,0,0,50000.0
MKT018,C00735,2026-03-02,Push Notification,Seasonal,2,0,0.0
MKT019,C00586,2024-06-19,In-app,Referral,0,0,20000.0
MKT020,C00120,2025-06-24,SMS,Seasonal,0,,
MKT021,C00388,2025-01-23,SMS,Win-back,0,0,10000.0
MKT022,C00711,2025-12-13,In-app,Seasonal,0,0,
MKT023,C00087,2024-06-17,Zalo OA,Holiday,1,0,15000.0
MKT024,C00470,2025-12-23,Push Notification,Referral,0,0,0.0
MKT025,C00394,2025-04-28,Zalo OA,Flash Sale,,,15000.0
MKT026,C00200,2026-01-21,SMS,Win-back,,0,20000.0
MKT027,C00603,2025-02-24,Facebook Ad,Seasonal,0,0,50000.0
MKT028,C00478,2025-02-27,Email,Win-back,0,0,0.0
MKT029,C00297,2025-01-16,Push Notification,Holiday,1,0,10000.0
MKT030,C00342,2025-04-09,Zalo OA,Seasonal,0,0,
MKT031,C00461,2025-08-03,,New Product,0,0,0.0
MKT032,C00616,2025-09-25,Email,Loyalty Reward,1,1,0.0
MKT033,C00203,2026-03-17,Push Notification,Holiday,0,0,0.0
MKT034,C00042,2025-01-05,Facebook Ad,Holiday,1,0,0.0
MKT035,C00256,2025-03-31,Zalo OA,Birthday,0,0,30000.0
MKT036,C00540,2025-10-27,In-app,Birthday,,0,0.0
MKT037,C00054,2024-09-03,Zalo OA,Referral,,0,30000.0
MKT038,C00621,2026-02-14,In-app,New Product,0,0,0.0
MKT039,C00737,2025-07-28,Zalo OA,Holiday,0,TRUE,5000.0
MKT040,C00480,2024/01/32,Push Notification,Birthday,0,TRUE,30000.0
MKT041,C00597,2025-12-22,Push Notification,Birthday,1,0,10000.0
MKT042,C00687,2025-06-23,Facebook Ad,Win-back,0,0,10000.0
MKT043,C00209,2026-02-23,Zalo OA,Holiday,0,0,20000.0
MKT044,C00586,2024-10-12,Zalo OA,Win-back,1,0,50000.0
MKT045,C00534,2025-07-19,Facebook Ad,Referral,0,0,
MKT046,C00532,2025-07-23,SMS,Seasonal,0,0,10000.0
MKT047,C00126,2025-08-02,In-app,Win-back,1,0,0.0
MKT048,C00704,2025-03-16,Zalo OA,Flash Sale,1,0,30000.0
MKT049,C00142,2025-06-16,Zalo OA,Referral,1,0,0.0
MKT050,C00063,2025-06-19,SMS,Holiday,1,0,10000.0
MKT001,C00057,2025-12-07,,New Product,0,0,0.0
MKT002,C00259,2024-02-10,Facebook Ad,Flash Sale,1,0,5000.0
MKT003,C00322,NaT,Facebook Ad,Seasonal,0,0,0.0
MKT004,C00574,2025-07-31,Zalo OA,Holiday,0,0,0.0
MKT005,C00737,2025-09-16,,New Product,1,1,0.0
MKT006,C00331,2025-06-30,Zalo OA,Win-back,,0,20000.0
MKT007,C00251,2026-01-27,Email,Referral,0,0,0.0
MKT008,C00417,2026-01-18,Facebook Ad,Referral,0,0,0.0
MKT009,C00414,2025-04-14,Facebook Ad,Referral,0,0,5000.0
MKT010,C00547,2025-07-29,In-app,Referral,1,1,
MKT011,C00311,2026-01-25,Push Notification,Flash Sale,0,,10000.0
MKT012,C00413,2025-08-08,Push Notification,Holiday,0,,30000.0
MKT013,C00032,2025-11-12,SMS,Win-back,1,0,15000.0
MKT014,C00295,2024-08-31,SMS,Flash Sale,1,0,50000.0
MKT015,C00668,2025-04-23,Facebook Ad,New Product,,0,10000.0
MKT016,C00520,2025-07-12,In-app,Loyalty Reward,1,,0.0
MKT017,C00364,2026-02-09,Email,Win-back,0,0,15000.0
MKT018,C00409,2025-04-17,Facebook Ad,Flash Sale,0,0,0.0
MKT019,C00082,2025-05-16,SMS,Seasonal,0,0,15000.0
MKT020,C00137,2025-07-29,Email,Birthday,1,0,30000.0
MKT021,C00335,2025-12-11,Zalo OA,Referral,1,0,50000.0
MKT022,C00428,2025-02-26,SMS,Holiday,0,0,30000.0
MKT023,C00746,2025-09-04,SMS,New Product,0,0,5000.0
MKT024,C00245,2024-08-02,Facebook Ad,Win-back,0,0,0.0
MKT025,C00021,2026-03-15,Zalo OA,Referral,1,0,
MKT026,C00086,2026-03-09,SMS,Birthday,0,-1,0.0
MKT027,C00749,2025-06-28,Facebook Ad,Win-back,1,1,0.0
MKT028,C00652,2025-05-23,,Loyalty Reward,0,TRUE,20000.0
MKT029,C00378,2024-11-30,,Birthday,1,0,15000.0
MKT030,C00289,2025-04-23,Email,New Product,1,0,50000.0
MKT031,C00288,2026-01-21,SMS,Referral,2,0,10000.0
MKT032,C00310,2023-12-08,Facebook Ad,Loyalty Reward,,0,50000.0
MKT033,C00617,2025-06-20,Push Notification,New Product,0,0,15000.0
MKT034,C00656,2025-04-09,Zalo OA,Loyalty Reward,1,0,
MKT035,C00685,2025-01-17,In-app,Flash Sale,0,0,30000.0
MKT036,C00711,2025-07-20,SMS,Win-back,0,0,30000.0
MKT037,C00342,2025-03-19,Email,Holiday,1,0,10000.0
MKT038,C00634,2026-03-10,Push Notification,Flash Sale,0,0,150000.0
MKT039,C00716,2025-09-23,SMS,Win-back,0,0,0.0
MKT040,C00777,2025-07-10,Zalo OA,Birthday,0,0,0.0
MKT041,C00135,2025-09-07,In-app,Referral,0,0,0.0
MKT042,C00099,2025-09-25,Zalo OA,New Product,,0,30000.0
MKT043,C00160,2024-06-27,SMS,Seasonal,0,0,15000.0
MKT044,C00548,2025-10-15,Facebook Ad,Win-back,2,0,10000.0
MKT045,C00777,2026-03-02,In-app,Flash Sale,1,0,0.0
MKT046,C00599,2025-11-12,,Seasonal,0,0,15000.0
MKT047,C00049,2026-01-13,Email,Birthday,0,0,5000.0
MKT048,C00596,2024-06-16,,New Product,1,0,0.0
MKT049,C00764,2025-07-23,SMS,Flash Sale,0,0,15000.0
MKT050,C00698,2025-12-21,In-app,Birthday,0,0,20000.0
MKT001,C00152,2025-10-25,Zalo OA,Birthday,1,0,30000.0
MKT002,C00560,2024-08-31,SMS,New Product,0,0,10000.0
MKT003,C00213,2024-11-25,,Seasonal,0,0,50000.0
MKT004,C00517,2024-10-21,Facebook Ad,Holiday,TRUE,0,50000.0
MKT005,C00192,2026-03-18,Email,Birthday,0,,30000.0
MKT006,C00185,2026-01-28,SMS,Flash Sale,1,0,0.0
MKT007,C00575,2026-02-02,In-app,Win-back,0,0,20000.0
MKT008,C00775,2026-03-04,Email,Holiday,0,0,50000.0
MKT009,C00350,2025-10-10,In-app,Referral,1,0,30000.0
MKT010,C00004,2025-08-25,Zalo OA,Seasonal,0,0,50000.0
MKT011,C00655,2025-09-30,Zalo OA,Birthday,0,0,0.0
MKT012,C00594,NaT,Email,Holiday,0,0,15000.0
MKT013,C00679,2024-04-16,Facebook Ad,Flash Sale,1,0,30000.0
MKT014,C00295,2025-12-05,Push Notification,Win-back,1,0,30000.0
MKT015,C00507,2025-10-05,In-app,Win-back,1,1,10000.0
MKT016,C00014,2025-08-19,Zalo OA,Seasonal,1,1,50000.0
MKT017,C00669,2026-03-09,Email,New Product,1,1,20000.0
MKT018,C00501,2025-06-20,In-app,Seasonal,0,0,20000.0
MKT019,C00634,2025-11-13,Zalo OA,Seasonal,0,0,20000.0
MKT020,C00426,2025-12-04,Email,Holiday,Yes,1,5000.0
MKT021,C00355,2025-08-08,In-app,Flash Sale,1,0,50000.0
MKT022,C00254,2025-06-25,SMS,Flash Sale,0,0,0.0
MKT023,C00078,2025-03-26,SMS,Loyalty Reward,1,,0.0
MKT024,C00339,2026-03-20,Email,Holiday,0,0,10000.0
MKT025,C00072,2025-04-18,In-app,Win-back,0,0,5000.0
MKT026,C00039,2025-12-29,Facebook Ad,New Product,1,0,0.0
MKT027,C00408,2024-06-24,Push Notification,Referral,1,0,10000.0
MKT028,C00288,2025-08-19,Zalo OA,Flash Sale,1,1,20000.0
MKT029,C00466,2025-06-12,Zalo OA,Loyalty Reward,0,0,0.0
MKT030,C00262,2026-02-16,SMS,Flash Sale,1,1,50000.0
MKT031,C00677,2025-08-01,Facebook Ad,Flash Sale,0,0,0.0
MKT032,C00672,2025-12-05,Zalo OA,Win-back,1,0,30000.0
MKT033,C00654,2026-02-07,Facebook Ad,Birthday,0,0,30000.0
MKT034,C00775,2025-11-22,SMS,New Product,0,0,100000.0
MKT035,C00644,2025-09-12,In-app,Win-back,0,0,30000.0
MKT036,C00618,2024-01-11,Facebook Ad,New Product,0,0,30000.0
MKT037,C00542,2025-11-03,Zalo OA,Birthday,0,0,0.0
MKT038,C00223,2024-01-20,Push Notification,Birthday,0,0,5000.0
MKT039,C00199,2024-07-11,Facebook Ad,Loyalty Reward,1,0,0.0
MKT040,C00475,2024-10-09,Zalo OA,Birthday,1,1,15000.0
MKT041,C00269,2025-08-22,Facebook Ad,Referral,1,0,10000.0
MKT042,C00729,2025-12-05,Email,Seasonal,1,1,30000.0
MKT043,C00145,2026-01-14,Push Notification,Loyalty Reward,1,1,0.0
MKT044,C00487,2025-03-19,SMS,New Product,0,0,0.0
MKT045,C00558,2025-03-25,In-app,Win-back,0,0,50000.0
MKT046,C00653,2023-10-12,In-app,Referral,0,0,0.0
MKT047,C00110,2025-12-03,Push Notification,Win-back,0,0,5000.0
MKT048,C00062,,Zalo OA,Holiday,0,0,0.0
MKT049,C00095,2025-01-06,In-app,Referral,0,0,50000.0
MKT050,C00109,2025-05-03,,Holiday,0,0,20000.0
MKT001,C00440,2026-03-15,Email,Birthday,-1,0,0.0
MKT002,C00429,2025-04-07,Zalo OA,Seasonal,0,0,0.0
MKT003,C00013,2026-03-25,,Referral,1,0,10000.0
MKT004,C00430,2025-03-24,SMS,Birthday,1,0,10000.0
MKT005,C00438,2025-03-13,Push Notification,Loyalty Reward,,0,15000.0
MKT006,C00177,2025-07-05,Zalo OA,Holiday,0,0,30000.0
MKT007,C00772,2025-11-01,Push Notification,Seasonal,0,0,
MKT008,C00642,2025-08-20,In-app,New Product,1,0,30000.0
MKT009,C00758,2025-01-10,Email,Birthday,1,0,0.0
MKT010,C00696,2025-12-29,Email,Birthday,0,0,0.0
MKT011,C00636,2025-06-28,In-app,New Product,0,0,0.0
MKT012,C00229,2025-04-22,Zalo OA,Loyalty Reward,0,0,15000.0
MKT013,C00735,2025-03-13,In-app,Birthday,1,1,5000.0
MKT014,C00236,2025-10-23,Email,Referral,0,0,0.0
MKT015,C00775,2026-02-01,Email,Referral,0,0,0.0
MKT016,C00561,2026-03-02,Push Notification,Referral,0,0,20000.0
MKT017,C00055,2025-10-18,SMS,Flash Sale,0,0,50000.0
MKT018,C00060,2024-12-17,SMS,Win-back,0,0,5000.0
MKT019,C00281,2026-01-30,Zalo OA,Flash Sale,1,1,50000.0
MKT020,C00511,2026-01-05,SMS,Win-back,0,0,
MKT021,C00149,2025-01-25,Zalo OA,Loyalty Reward,1,0,0.0
MKT022,C00550,2025-11-15,,Holiday,1,0,10000.0
MKT023,C00134,2025-12-02,SMS,Win-back,1,0,50000.0
MKT024,C00495,2025-03-04,Push Notification,Seasonal,0,0,
MKT025,C00689,2025-12-08,Email,Win-back,0,0,15000.0
MKT026,C00272,2025-06-07,Zalo OA,Holiday,0,0,5000.0
MKT027,C00229,2024-12-21,In-app,Holiday,1,1,
MKT028,C00413,2025-04-24,Facebook Ad,Holiday,1,0,10000.0
MKT029,C00268,2026-02-13,In-app,Loyalty Reward,0,0,0.0
MKT030,C00311,2026-01-17,,Seasonal,0,0,20000.0
MKT031,C00607,2024-06-26,Email,Holiday,0,0,0.0
MKT032,C00254,2025-07-02,In-app,Win-back,0,0,15000.0
MKT033,C00267,2025-10-01,Push Notification,Flash Sale,1,0,0.0
MKT034,C00363,2026-01-26,In-app,Birthday,0,0,50000.0
MKT035,C00045,2025-07-30,Facebook Ad,Holiday,0,0,50000.0
MKT036,C00306,2024-11-30,SMS,Seasonal,0,0,0.0
MKT037,C00468,2025-02-04,SMS,New Product,0,0,15000.0
MKT038,C00622,2025-06-18,SMS,Win-back,1,0,15000.0
MKT039,C00130,2026-02-27,Zalo OA,Flash Sale,0,0,5000.0
MKT040,C00374,2024-03-07,In-app,Birthday,1,0,10000.0
MKT041,C00418,2025-03-10,Facebook Ad,Seasonal,1,0,0.0
MKT042,C00670,2024-06-28,Zalo OA,New Product,0,0,0.0
MKT043,C00645,2025-08-29,,New Product,0,0,15000.0
MKT044,C00533,2024-05-18,In-app,Flash Sale,0,,-0.0
MKT045,C00138,2025-07-27,Zalo OA,Seasonal,1,0,15000.0
MKT046,C00395,2026-02-08,SMS,Flash Sale,0,0,0.0
MKT047,C00698,2025-04-18,Push Notification,Flash Sale,1,0,50000.0
MKT048,C00003,2024-03-04,Facebook Ad,Loyalty Reward,1,0,0.0
MKT049,C00580,2024-04-26,Push Notification,Seasonal,0,0,20000.0
MKT050,C00334,2025-04-12,SMS,Holiday,1,0,20000.0
MKT001,C00258,2024-12-10,In-app,Birthday,0,0,50000.0
